node_id,parent_id,concept.ko,concept.en,aliases,definition,logic,examples.name,examples.description,tips,prerequisites.ko,prerequisites.en
1,,기초악전,Basic Music Theory,,기초악전은 음악을 이해하고 창작하는데 필요한 가장 초보적이고 기본적인 이론 체계입니다.,"음악을 배우기 시작할 때 가장 먼저 익혀야 하는 핵심 이론입니다.; 실제 연주,감상 창작 등 모든 음악 활동의 기초가 됩니다.",,,기초악전을 익히면 이후에 나오는 심화이론이나 실기에도 쉽게 적응할 수 있습니다.,,
2,1,음악의 3요소,Three Elements of Music,음악 3요소; 음악 삼요소,"음악을 이루는 가장 핵심적인 구성요소로서 멜로디, 화성, 리듬입니다.","음악을 소리의 예술로 분류할 때, 반드시 필요한 세 가지 근본 요소가 음악의 3요소입니다.; 각 요소는 독립적으로 존재할 수 있으나, 실제 음악에서는 결합되어 곡의 구조와 분위기, 감정을 결정합니다.; 멜로디는 음악의 선적인 요소, 리듬은 시간적·운동적 요소, 화성은 깊이와 입체감을 담당합니다.",동요 곰 세 마리,"곰 세 마리'는 따라 부르기 쉬운 멜로디, 반복적인 리듬, 간단한 화음이 모두 존재합니다.","멜로디, 리듬, 화성을 각각 따로 들어보는 연습; 단순한 곡부터 복잡한 곡까지 3요소 분석",,
3,2,멜로디,Melody,선율; 가락,음의 높낮이와 길이가 조직되어 이루어진 음악의 가락입니다.,멜로디는 곡의 주제와 정서를 드러내는 핵심 '노래선'입니다.; 멜로디가 귀에 잘 들어오면 대중적으로 사랑받기 쉽습니다.; 유명한 곡의 인상적 부분은 대부분 멜로디에 해당합니다.,생일 축하합니다' 가락,노래를 부를 때 가장 먼저 인식되는 부분이 멜로디입니다.,"흥얼거리며 외우기, 악보로 써보기",,
4,2,리듬,Rhythm,박자; 비트,"음의 길이, 강세, 시간적 배열로 음악의 움직임을 만들어내는 요소입니다.",리듬은 곡의 흐름과 활력을 만들어줍니다.; 박자와 강세가 음악을 춤추게 하거나 행진하게 만듭니다.; 동일한 멜로디도 리듬에 따라 곡의 분위기가 달라집니다.,행진곡의 규칙적 박자,반복적인 박자(리듬)에 맞춰 손뼉을 치며 행진하기 쉽습니다.,"발로 박자 맞추기, 손뼉 치기",,
5,2,화성,Harmony,코드; 화음,둘 이상의 음이 동시에 울릴 때 만들어내는 소리의 조화입니다.,"화성은 멜로디를 받쳐주며 음악의 색채와 분위기를 결정합니다.; 기타, 피아노 등에서 여러 음을 동시에 누르는 것이 화성의 전형적인 예입니다.; 화성의 변화에 따라 곡의 느낌도 많이 달라집니다.",피아노 코드 반주,여러 음을 동시에 누르는 코드 연주가 화성의 전형적 예입니다.,,,
6,1,음이름,Note Name,계이름; Pitch Name; 계명,음이름은 각 음의 고유한 소리 높이에 따라 정해진 이름입니다.,"음이름은 소리의 높이를 구분하여 전달하기 위해 사용합니다.; 서양음악의 기본 7음 : '도,레,미,파,솔,라,시(C,D,E,F,G,A,B)'로 표기합니다.; Sharp(#), Flat(b)에 따라 음이름이 변화합니다.; 한국어로는 '다,라,마,바,사,가,나(C,D,E,F,G,A,B)'로 표기됩니다.","서양음계(C,D,E,F,G,A,B)",도레미파솔라시와 영어 음이름이 서로 연결됩니다.,"피아노 흰 건반을 하나씩 짚으며 도레미파솔라시(CDEFGAB)를 먼저 인식 한 후 샾과, 플랫을 적용시켜보세요.; 음이름을 알고 있어야 코드를 볼때 쉽게 인식할 수 있습니다.",,
7,1,음표,Note,노트,음표는 소리의 길이(지속시간)을 나타내는 음악 기호입니다.,,4분음표; 2분음표; 점4분음표,한 박자짜리 음표; 두 박자짜리 음표; 한 박자 반짜리 음표,‘온음표→2분음표→4분음표→8분음표→16분음표→32분음표’ 순서로 반씩 줄어듭니다; 점음표는 길이에 1/2을 더합니다.,,
8,7,온음표,Whole-note,,4박자동안 지속되는 가장 긴 기본음표입니다.,기준 박자가 4/4일 때 한 마디 전체를 채웁니다; 다른 모든 음표의 기준이 됩니다,,,,박자,Beat
9,7,2분음표,Half-note,,2박자 동안 지속되는 음표입니다.,온음표의 절반 길이입니다,,,,박자,Beat
10,7,4분음표,Quarter-note,,1박자 동안 지속되는 음표입니다.,가장 기본단위의 음표; 대부분의 박자계산 기준이 됩니다.,,,,박자,Beat
11,7,8분음표,Eighth-note,,0.5박자 동안 지속되는 음표입니다.,4분음표의 절반; 4분음표 박자 하나에 2개가 들어갑니다.,,,,박자,Beat
12,7,16분음표,Sixteenth-note,,0.25박자 동안 지속되는 음표입니다.,8분음표의 절반; 4분음표 박자 하나에 4개가 들어갑니다.,,,,박자,Beat
13,7,32분음표,Thirty-second-note,,0.125박자 동안 지속되는 음표입니다.,16분음표의 절반; 4분음표 박자 하나에 8개가 들어갑니다.,,,,박자,Beat
14,7,점음표,Dotted-note,,점음표는 원래 길이에 절반을 추가한 길이로 연주됩니다.,,,,점을 추가하면 1/2길이의 1/2을 더합니다. 이는 쉼표도 동일합니다.; 이를 겹점음표라고 부릅니다.,박자,Beat
15,7,점온음표,Dotted-Whole-note,,6박자 동안 지속되는 음표입니다.,온음표(4박) + 2박(온음표의 절반) 길이로 6박자 동안 지속됩니다.,,,,박자,Beat
16,7,점2분음표,Dotted-Half-note,,3박자 동안 지속되는 음표입니다.,2분음표(2박) + 1박(2분음표의 절반) 길이로 3박자 동안 지속됩니다.,,,,박자,Beat
17,7,점4분음표,Dotted-Quarter-note,,1.5박자 동안 지속되는 음표입니다.,4분음표(1박) + 0.5박(4분음표의 절반) 길이로 1.5박자 동안 지속됩니다.,,,,박자,Beat
18,7,점8분음표,Dotted-Eighth-note,,0.75박자 동안 지속되는 음표입니다.,8분음표(0.5박) + 0.25박(8분음표의 절반) 길이로 0.75박자 동안 지속됩니다.,,,,박자,Beat
19,7,점16분음표,Dotted-Sixteenth-note,,0.375박자 동안 지속되는 음표입니다.,16분음표(0.25박) + 0.125박(16분음표의 절반) 길이로 0.375박자 동안 지속됩니다.,,,,박자,Beat
20,7,점32분음표,Dotted-Thirty-second-note,,0.1875박자 동안 지속되는 음표입니다.,32분음표(0.125박) + 0.0625박(32분음표의 절반) 길이로 0.1875박자 동안 지속됩니다.,,,,박자,Beat
21,1,쉼표,Rest,,쉼표는 소리의 쉼(지속시간)을 나타내는 음악 기호입니다.,쉼표와 음표는 동일한 시간 값을 가집니다; 연주자가 해당 길이만큼 쉬어야합니다.; 음표와 짝을 이루며 리듬을 구성합니다.,4분쉼표; 2분쉼표; 점4분쉼표,한 박자짜리 쉼표; 두 박자짜리 쉼표; 한 박자 반짜리 쉼표,‘온쉼표→2분쉼표→4분쉼표→8분쉼표→16분쉼표→32분쉼표’ 순서로 반씩 줄어듭니다; 점쉼표는 길이에 1/2을 더합니다.,박자,Beat
22,21,온쉼표,Whole-rest,,4박자 동안 소리를 멈춥니다.,"마디 전체를 쉼으로 채울 때 자주 사용 됩니다; 이는, 어느박자에 나와도 동일합니다.",,,,박자,Beat
23,21,2분쉼표,Half-rest,,2박자 동안 소리를 멈춥니다.,온쉼표의 절반 길이입니다,,,,박자,Beat
24,21,4분쉼표,Quarter-rest,,1박자 동안 소리를 멈춥니다.,가장 기본단위의 쉼표; 대부분의 박자계산 기준이 됩니다.,,,,박자,Beat
25,21,8분쉼표,Eighth-rest,,0.5박자 동안 소리를 멈춥니다.,4분쉼표의 절반; 4분쉼표 박자 하나에 2개가 들어갑니다.,,,,박자,Beat
26,21,16분쉼표,Sixteenth-rest,,0.25박자 동안 소리를 멈춥니다.,8분쉼표의 절반; 4분쉼표 박자 하나에 4개가 들어갑니다.,,,,박자,Beat
27,21,32분쉼표,Thirty-second-rest,,0.125박자 동안 소리를 멈춥니다.,16분쉼표의 절반; 4분쉼표 박자 하나에 8개가 들어갑니다.,,,,박자,Beat
28,21,점쉼표,Dotted-rest,,점쉼표는 원래 길이에 절반을 추가한 길이로 멈춥니다.,,,,점을 추가하면 1/2길이의 1/2을 더합니다. 이는 음표도 동일합니다.; 이를 겹점쉼표라고 부릅니다.,박자,Beat
29,21,점온쉼표,Dotted-Whole-rest,,6박자 동안 소리를 멈춥니다.,온쉼표(4박) + 2박(온쉼표의 절반) 길이로 6박자 동안 쉽니다.,,,,박자,Beat
30,21,점2분쉼표,Dotted-Half-rest,,3박자 동안 소리를 멈춥니다.,2분쉼표(2박) + 1박(2분쉼표의 절반) 길이로 3박자 동안 쉽니다.,,,,박자,Beat
31,21,점4분쉼표,Dotted-Quarter-rest,,1.5박자 동안 소리를 멈춥니다.,4분쉼표(1박) + 0.5박(4분쉼표의 절반) 길이로 1.5박자 동안 쉽니다.,,,,박자,Beat
32,21,점8분쉼표,Dotted-Eighth-rest,,0.75박자 동안 소리를 멈춥니다.,8분쉼표(0.5박) + 0.25박(8분쉼표의 절반) 길이로 0.75박자 동안 쉽니다.,,,,박자,Beat
33,21,점16분쉼표,Dotted-Sixteenth-rest,,0.375박자 동안 소리를 멈춥니다.,16분쉼표(0.25박) + 0.125박(16분쉼표의 절반) 길이로 0.375박자 동안 쉽니다.,,,,박자,Beat
34,21,점32분쉼표,Dotted-Thirty-second-rest,,0.1875박자 동안 소리를 멈춥니다.,32분쉼표(0.125박) + 0.0625박(32분쉼표의 절반) 길이로 0.1875박자 동안 쉽니다.,,,,박자,Beat
35,1,임시표,Accidental,샾; 플랫; 내추럴,임시표는 음의 높낮이를 반음단위로 조절하는 기호입니다.,"임시표는 해당 마디안에서만 유효하며, 같은 음이 반복될 경우 모두 적용됩니다; 조표와는 달리 일시적인 변화만 적용됩니다.; 임시표를 하나 더 붙여서 온음단위로 움직이는것도 가능합니다. 이때는 더블플랫(♭♭), 더블샾(X)으로 이야기합니다.",♯; ♭; ♮,반음 올림; 반음 내림; 원래 음으로 복귀,조표와 헷갈리면 안됩니다.; 마디가 바뀌면 효력이 없습니다.,음계; 반음; 온음,Scale; Semitone; Whole Tone
36,1,음자리표,Clef,높은음자리표; 낮은음자리표; 가온음자리표,음자리표는 오선의 특정 선이 어떤 음높이를 가지는지를 정하는 기호입니다.,"오선의 기준점을 지정해 전체 음높이를 결정합니다; G음, F음 등 특정음을 기준으로 잡습니다.",G-clef; F-Clef; C-clef,높은음자리표; 낮은음자리표; 가온음자리표,높은음자리표와 낮은음자리표를 헷갈리지 않도록 주의하세요; 넓은 음역을 표현하기 위하여 한 악보 안에 두 개 이상 표기가 될 경우가 있습니다.,음이름,Note Name
37,1,박자표,Time Signature,,"박자표는 한 마디안에 몇 개의 박자가 들어가는지, 어떤 음표가 기준이 되는지를 나타내는 기호입니다.","위 숫자는 한 마디 안의 박자 수, 아래 숫자는 기준이 되는 음표의 종류(4는 4분음표, 8은 8분음표 등); 곡의 리듬 구조를 정의합니다.",4/4; 3/4; 6/8,4분음표를 기준박자로 하여 한마디 안에 4개; 4분음표를 기준박자로 하여 한마디 안에 3개; 8분음표를 기준박자로 하여 한마디 안에 6개,분모는 기준박자이며 분자는 기준박자에서 한마디 내에 몇개가 들어가있는지를 표시하므로 이를 기억하세요.,음표; 박자,Note; Beat
38,1,조표,Key Signature,키; 조성,곡의 음계와 중심음을 정의하기 위해 표시해주는 기호입니다.,"조성은, 임시표와 다르게 곡의 전체에 적용됩니다.; 중간에 변화할 수도 있는데, 변화한 마디를 기준으로 새로운 조성이 적용됩니다.",,,아무 조표도 없을때는 C Major Key 입니다.,,
39,38,조성(샾),Sharp key,샾키,샾(♯) 기호를 사용하는 체계입니다.,"샾은 파→도→솔→레→라→미→시 순서로 추가됩니다.; 샾키를 계산하는 방법은, 조표 붙는 순서에 온음위가 해당 조성입니다. 예를 들어 샾이 3개가 붙었을경우(파도솔) 솔의 온음인 라장조(A major key)가 됩니다.",G major key; D Major key,,여러가지 샾 키에 대해서 계산을 해보는 연습을 해보세요.,조표; 임시표,Key signature; Accidental
40,38,조성(플랫),Flat Key,플랫키,플랫(♭) 기호를 사용하는 체계입니다.,"플랫은 시→미→라→레→솔→도→파 순서로 추가됩니다.; 플랫키를 계산하는 방법은, 조표 붙는 순서의 이전음의 플랫을 붙여주면됩니다. 예를 들어 플랫이 4개가 붙었을경우(시미라레) 레의 조표 붙는순서의 이전인 라(A)에 플랫을 붙여주면 내림라장조(Ab major key)가 됩니다.; 단, 플랫이 하나붙었을경우(시)에서는 조표 붙는순서의 이전인 F에는 플랫을 붙여주지 않습니다.",Bb major key; Ab major key,,여러가지 플랫 키에 대해서 계산을 해보는 연습을 해보세요.; F Major key에 대해서는 유의해야합니다.,조표; 임시표,Key signature; Accidental
41,1,스케일,Scale,음계,스케일은 음악에서 일정한 규칙에 따라 차례대로 배열된 음들의 집합입니다.,"스케일은 음악의 기본 구조를 형성하기 위해 만들어졌습니다.; 스케일은 곡의 조성과 분위기를 결정하는 데에 중요한 역할을 합니다.; 여러 가지 유형의 스케일이 있으며, 주로 장음계와 단음계가 많이 사용됩니다.; 각각의 스케일은 상대적으로 독립된 구성으로 이루어져 있습니다.",C Major Scale; A Minor Scale,"도,레,미,파,솔,라,시,도로 이루어진 음계입니다.; 라,시,도,레,미,파,솔,라로 이루어진 음계입니다.",스케일을 외울때 계이름과 음의 순서를 반복해서 외우면 도움이 됩니다.,,
42,41,메이저 스케일,Major Scale,장음계; 메이저스케일,메이저 스케일은 밝고 경쾌한 분위기를 내는 대표적인 음계입니다.,"메이저 스케일은 ""온-온-반-온-온-온-반음""의 구조로 이루어집니다.; 서양음악에서 가장 기본적인 음계입니다.; 상대적으로 1-2-3-4-5-6-7-8음으로 3-4음과 7-8음이 반음인 형태입니다.",C Major Scale; G Major Scale,"아무것도 샾이나 플랫이 붙지 않는 형태로 도,레,미,파,솔,라,시,도로 구성됩니다.; 파에 샾이 추가된 솔,라,시,도,레,미,파#,솔로 구성됩니다.","모든 조성에서 상대적으로 계산하는 방법을 익힌다면, 메이저스케일을 활용하여 음악의 모든 이론들의 음정거리를 계산할 수 있습니다.; 1-2-3-4-5-6-7-8이 메이저스케일의 상대적인 음입니다.",스케일,Scale
43,41,마이너 스케일,Minor Scale,단음계; 마이너스케일,마이너 스케일은 주로 어둡고 감정적인 분위기를 내는 음계입니다.,"마이너 스케일은 자연단음계(내추럴 마이너 스케일), 화성단음계(하모닉 마이너 스케일), 가락단음계(멜로딕 마이너 스케일)가 있습니다.; 마이너 스케일은 6도, 7도의 변화에 따라 다양한 느낌을 줄 수 있습니다.",A Natural Minor Scale; C Melodic Minor Scale,"라,시,도,레,미,파,솔,라로 구성된 스케일입니다.; 도,레,미b,파,솔,라,시b,도로 구성된 스케일입니다.","마이너스케일의 유형별 소리(내추럴,하모닉,멜로딕)를 직접 연주해보며 음의 차이를 느껴보세요.",메이저 스케일,Major Scale
44,43,내추럴 마이너 스케일,Natural Minor Scale,자연단음계,내추럴 마이너 스케일은 단음계 중에서 기본이 되는 음계입니다.,"내추럴 마이너 스케일은 1-2-b3-4-5-b6-b7-8음으로 구성되어 있습니다.; 메이저스케일에서 단3도 아래로 내린 형태이고, 절대음은 메이저스케일과 동일합니다.",A Natural Minor Scale; E Natural Minor Scale,"라,시,도,레,미,파,솔,라로 구성된 스케일입니다.; 미,파#,솔,라,시,도,레,미로 구성된 스케일입니다.",,마이너 스케일,Minor Scale
45,43,하모닉 마이너 스케일,Harmonic Minor Scale,화성단음계,하모닉 마이너 스케일은 내추럴 마이너 스케일에서 7음을 반음 올린 음계입니다.,하모닉 마이너 스케일은 1-2-b3-4-5-b6-7-8음으로 구성되어 있습니다.,A Natural Minor Scale; E Natural Minor Scale,"라,시,도,레,미,파,솔#,라로 구성된 스케일입니다.; 미,파#,솔,라,시,도,레#,미로 구성된 스케일입니다.",,마이너 스케일,Minor Scale
46,43,멜로딕 마이너 스케일,Melodic Minor Scale,가락단음계; 선율단음계,멜로딕 마이너 스케일은 내추럴 마이너 스케일에서 6도와 7도를 반음 올린 음계입니다.,멜로딕 마이너 스케일은 1-2-b3-4-5-6-7-8음으로 구성되어 있습니다.,A Natural Minor Scale; E Natural Minor Scale,"라,시,도,레,미,파#,솔#,라로 구성된 스케일입니다.; 미,파#,솔,라,시,도#,레#,미로 구성된 스케일입니다.","클래식에서는 상행진행(멜로딕 마이너 스케일)과 하행(내추럴 마이너 스케일)을 다르게 보는데, 멜로디의 흐름을 자연스럽게 하기 위해 고안되었습니다.; 실용음악에서는 재즈 마이너 스케일(Jazz minor Scale)로 불러지는데, 이를 통한 재즈화성학 이론이 많이 나오기때문에 중요한 스케일 입니다.",마이너 스케일,Minor Scale
47,1,음정,Interval,음간격; 인터벌,"음정은 두 음 사이의 높낮이의 차이, 즉 거리입니다.","음정은 음악의 기본적인 요소 중 하나로, 멜로디와 화성의 구조를 결정합니다.; 음정은 한 음에서 다른 음까지의 거리를 나타내며, 반음과 온음을 기본 단위로 사용합니다.; 음정은 명칭과 성질에 따라 여러 종류로 세분화됩니다.",1도(완전1도); 8도(옥타브),같은 높이의 음 두개를 동시에 연주할 때 나는 음정입니다.; 예를들면 낮은 도에서 높은 도까지의 거리입니다.,"음정은 먼저 숫자(도수)를 세고, 그 다음 품질(완전,장 등)을 결정하면 계산이 편리합니다. 모든 것은 메이저스케일을 잘 외운다면 여러 음정에 대해서 계산하기 편리합니다.",메이저 스케일,Major Scale
48,47,반음,Semitone,Half Step; 반음계,반음은 서로 바로 이웃한 두 음 사이의 가장 작은 간격입니다.,"피아노 건반에서 두 음이 서로 붙어 있는 경우(예: 미와 파, 시와 도)가 반음입니다.; 서양 12음계에서 한 옥타브를 12개로 나누면 각 구간이 반음이 됩니다.",미-파(3-4),피아노에서 미와 파 사이에는 검은 건반이 없이 바로 붙어있으므로 반음입니다.,메이저스케일에서 3-4음과 7-8음이 반음입니다.,메이저 스케일,Major Scale
49,47,온음,Whole Tone,Whole Step; 온음계,온음은 반음 두 개를 합친 거리입니다.,피아노 건반에서 흰 건반 사이에 검은 건반이 하나 들어가있으면 온음입니다.,도-레(1-2),도와 레 사이에는 도#(또는 레b)이 하나 있으므로 온음입니다.,메이저스케일에서 3-4음과 7-8음을 제외한 나머지음들은 온음입니다.,메이저 스케일,Major Scale
50,47,완전음정,Perfect Interval,완전1도; 완전4도; 완전5도; 완전8도,"완전음정은 1도,4도,5도,8도에서 나타나는 음정입니다.","1도,4도,5도,8도에서만 '완전'이라는 품질이 붙습니다.",완전4도,도와 파 사이의 음정입니다.,메이저 스케일을 먼저 익힌 뒤 계산하면 편합니다.,메이저 스케일,Major Scale
51,47,장음정,Major Interval,장2도; 장3도; 장6도; 장7도,"장음정은 2도,3도,6도,7도에서 나타나는 음정입니다.","2도,3도,6도,7도에서만 '장'이라는 품질이 붙습니다.",장3도,도와 미 사이의 음정입니다.,메이저 스케일을 먼저 익힌 뒤 계산하면 편합니다.,메이저 스케일,Major Scale
52,47,단음정,Minor Interval,단2도; 단3도; 단6도; 단7도,"단음정은 2도,3도,6도,7도에서 나타나는 음정으로, 장음정보다 반음이 낮습니다.","장음정(2도,3도,6도,7도)에서 반음을 낮추면 단음정이 됩니다.",단3도,도와 미b 사이의 음정입니다.,장음정에서 플랫을 해주게 되면 단음정이 됩니다.,메이저 스케일,Major Scale
53,47,증음정,Augmented Interval,증4도; 증5도,"증음정은 장음정, 완전음정에서 반음을 올리면 나타나는 음정입니다.","증음정은, 독특하고 현대적인 분위기나 긴장감을 연출할 때 사용 됩니다.",증4도,도와 파# 사이의 음정입니다.,"완전음정에서 샾을 해주거나, 장음정에서 더블샾을 해줄 경우 나옵니다.",메이저 스케일,Major Scale
54,47,감음정,Diminished Interval,감5도; 감7도,"감음정은 단음정, 완전음정에서 반음을 내리면 나타나는 음정입니다.","감음정은, 불안정한 화성에 자주 쓰이므로, 곡의 진행상 특별한 감정을 표현할때 유용합니다.",감5도,도와 솔b 사이의 음정입니다.,"완전음정에서 플랫을 해주거나, 단음정에서 플랫을 해줄 경우 나옵니다.",메이저 스케일,Major Scale
55,48,5도권,Circle of Fifths,5도사이클; 서클 오브 피프스,5도권은 12개의 모든 조성을 5도씩 순환시켜 원형으로 배열한 도표입니다.,5도권은 각 조성이 다섯번째음(완전5도) 간격으로 배열된 구조입니다.; 완전5도 상행(C-G-D-A-E-B-F#(Gb)-C#(Db)-G#(Ab)-D#(Eb)-A#(Bb)-F; 완전4도 상행(C-F-Bb(A#)-Eb(D#)-Ab(G#)-Db(C#)-Gb(F#)-B-E-A-D-G),C-F-Bb; C-G-D,C Major key(조표없음)-F Major key(플랫1개)-Bb Major key(플랫2개); C Major key(조표없음)-G Major key(샾1개)-D Major key(샾2개),"모든 진행에 대해서 다 외운다면, 조표가 붙는 순서도 이해할 수 있습니다.",조표; 음정,Key Signature; Interval
56,1,이명동음,Enharmonic,딴이름 한소리; 동음이명,이명동음은 음이름은 다르지만 소리는 같은소리가 나는 두 개의 음을 말합니다.,"음악에서 한 음이 상황에따라 여러가지 이름으로 불릴 수 있는 현상입니다.; 예를 들어 도#(C#)와 레b(Db)은 피아노나 악기에서 동일한 소리로 들리지만, 상황에 따라 다른 이름을 사용합니다.; 이는 우리가 사용하는 12음 평균율 체계(12-Equal temperament)에서만 사용할 수 있는 내용입니다.",C#-Db; B#;C,C#과 Db은 이름은 다르지만 건반에서 같은 위치를 하고 있기에 동일한 소리를 냅니다.; B#과 C는 이름은 다르지만 건반에서 같은 위치를 하고 있기에 동일한 소리를 냅니다.,"이명동음은, 곡의 조성이나 진행, 코드에서 왜 해당음이 특정이름으로 불리는지 논리를 이해하는 것이 중요합니다.",스케일; 음정; 조표,Scale; Interval; Key Signature
57,1,반복,Repetition,Repeat; 반복기호; 반복구호,반복은 악곡에서 같은 부분을 한 번 이상 다시 연주하는 것을 의미합니다.,"반복은 음악의 형태를 구성하거나, 곡의 길이를 늘리기 위해 사용됩니다.; 악보에서는 여러가지 반복기호로 반복 부분과 순서를 명확하게 지정합니다.",,,,,
58,57,도돌이표,Repeat Sign,되돌이표; 도돌이,도돌이표는 해당 구간을 다시 연주해야 함을 나타내는 기호입니다.,"도돌이표는 '||:'(시작)과 ':||'(종료)로 표시됩니다.; 시작과 종료가 동시에 있을 경우, 한번만 반복합니다.",,,"도돌이표내에 필요한 텍스트를 넣어 악보에 표기할 수 있습니다. 원칙은 1회만 반복이지만, 'x3(3번반복)','x4(4번반복)' 등 텍스트로 자유롭게 표기할 수 있습니다.",반복,Repetition
59,57,다카포,Da Capo,D.C,다카포는 곡의 처음으로 돌아가 다시 연주하라는 지시입니다.,"주로 'D.C'로 표시하거나, 'D.C al Fine', 'D.C al Coda' 등과 같이 사용합니다.",,,달세뇨와 혼동하여 사용 하지 않도록 주의하세요.,반복,Repetition
60,57,달세뇨,Dal Segno,D.S,달세뇨는 지정된 세뇨표시부터 다시 연주하라는 지시입니다.,"주로 'D.S'로 표시하거나, 'D.S al Fine', 'D.S al Coda' 등과 같이 사용합니다.",,,다카포와 혼동하여 사용 하지 않도록 주의하세요.; 일반적으로 대중가요에서 반복을 할 시 가장 많이 나오는 형태입니다.,반복,Repetition
61,57,세뇨,Segno,세뇨표,세뇨는 달세뇨 반복에서 돌아갈 지점을 나타내는 특수한 악보기호입니다.,세뇨 표시는 악보 위의 특정 위치를 표시해 반복연주의 기준점이 됩니다.,,,"달세뇨가 나왔을때는 반드시 세뇨표가 있어야하므로, 악보상의 세뇨를 찾아서 체크해두세요.",반복,Repetition
62,57,코다,Coda,코다표; To Coda,코다는 악곡의 특별한 끝맺은 부분을 연주하라는 지시 및 해당 구간을 가리키는 기호입니다.,"보통 'To coda', 'al Coda'등의 지시와 함께 코다표시로 구체적인 구간을 알려줍니다.",,,To coda가 등장 한 후 특정위치(코다)로 이동하는 역할이라고 이해하면 됩니다.; 예를들어 'D.S al Coda'를 해석하면 세뇨로 돌아간 후 To coda를 만났을때 코다 기호로 점프해서 이동한다라고 해석하면 됩니다.; 가끔 To coda가 없고 단순히 코다 기호만 2개 있는 경우가 있는데 그럴 경우도 첫번째 만난 코다기호를 To coda로 해석하면 됩니다.,반복,Repetition
63,57,피네,Fine,Fine,피네는 반복 연주에서 곡의 종료 시점을 표시하는 기호입니다.,"주로 'D.C al Fine', 'D.S al Fine'과 함께 사용되며, 해당 지점에서 곡을 마무리 짓는 역할을 합니다.",,,피네는 곡의 최종 마치는 구간이므로 그 이후에는 반복하지 않아도 됩니다.,반복,Repetition
64,1,마디,Measure,Bar,마디는 음악에서 박자표에 따라 구분된 리듬의 한 단위를 의미합니다.,마디는 악보에서 박자를 맞춰 음표와 쉼표를 효과적으로 정렬하도록 도와줍니다.,4/4박자에서 한 마디,"4/4박자 악보의 한 마디에는 총 4박 즉, 4분음표 4개가 들어갑니다.",코드진행이나 편곡을 할 때에는 마디 수를 기준으로 구조를 계획하면 훨씬 이해가 쉽습니다.; 마디마다 코드를 바꾸거나 리듬 패턴을 반복하는 등 실제 음악 제작에서도 마디의 개념이 중심이 됩니다.,박자표,Time Signature
65,1,송폼,Song Form,곡 형식; 곡 구성; 곡 구조,"송폼은 곡의 구성 방식과 일련의 반복,변형 또는 추가되는 각 섹션들의 배열을 말합니다.","송폼은 음악의 흐름을 직관적으로 이해하고, 효율적인 편곡 및 연주를 위해 필수적인 개념입니다.; 장르마다 표현하는 방식이 다를 수 있습니다.; 일반 대중음악 기준으로 ""Intro,Verse,Pre-Chorus,Chorus,Interlude,Bridge-Outro"" 등으로 사용합니다.; 재즈에서는 AABA, AABC 등의 형식으로 사용됩니다.",AABA형식,"A-A-B-A구조로 32마디 재즈 스탠다드나 올드팝에서 자주 사용 됩니다. A는 주된 테마, B는 대비되는부분(브릿지)입니다.","송폼과 송폼사이의 구분을 명확히 할 줄 알면 곡의 다이나믹, 악기 구성 등 구조적인 작,편곡이 가능해집니다.; 일반적으로 4마디,8마디,12마디 배열로 묶은 송폼이 많이 나옵니다.",마디,Measure
66,1,잇단음표,Tuplet,연음표; 셋잇단음표; 넷잇단음표; 트리플렛; Triplet,잇단음표는 동일한 시간 안에 특정 음표의 개수를 원래보다 더 촘촘하게 나누어 연주하는 표기법입니다.,"잇단음표는 기본박자를 일정하게 분할합니다. 예를 들어 한 박 안에 원래 두개의 8분음표를 넣는 자리에 세 개를 연주하도록 만들면 셋잇단음표가 됩니다.; 셋잇단음표는 가장 일반적이며, triplet이라고도 합니다. 이밖에도 이잇단음표,넷잇단음표 등 다양한 형태가 존재합니다.; 잇단음표 표기는 음표 묶음 위나 아래에 숫자(2,3,4 등)로 나타냅니다.; 잇단음표는 리듬에 변화를 주거나, 곡의 프레이즈를 더욱 다채롭게 만드는데 사용됩니다.; 쉼표 또한 음표와 같이 동일하게 사용할 수 있습니다.",셋잇단음표,기본적으로 두 개가 들어가는 자리에 세 개가 들어가는 리듬입니다.,"잇단음표는 기본 박자와 다르게 들릴 수 있으므로, 실제로 박자와 함께 손뼉 등을 쳐보면서 익히면 효과적입니다.; 실전 리듬 편곡이나 즉흥연주에서 잇단음표는 리듬을 유연하고 다양하게 만들 수 있는 좋은 도구입니다.",음표; 리듬,Note; Rhythm
67,1,비피엠,BPM,분당 박자수; 템포; bpm; Tempo,BPM은 1분 동안 반복되는 박자의 수를 의미하는 음악의 기본적인 빠르기 단위 입니다.,"BPM 값이 높을 수록 곡의 템포가 빨라지고 낮을 수록 느려집니다.; 음악 소프트웨어나 메트로놈, 악보 등에서 곡의 템포를 숫자로 명확하게 표시하기 위해 BPM을 사용합니다.; BPM은 장르의 스타일이나 연주자의 의도에 따라 매우 다양하게 설정됩니다.; 'BPM=숫자'대신 '음표=숫자'로 표기되는 경우도 있습니다.",BPM=60; BPM=120,1분에 60박으로 1초에 한번씩 박자를 셉니다. 느린 발라드 곡이나 연습곡에 자주 사용됩니다.; 1분에 120박으로 일반적인 팝 음악에서 자주 사용되는 템포입니다.,곡의 시작이나 연주 전에 BPM을 확인하면 리듬과 템포 연습에 매우 유용합니다.; 메트로놈을 활용해 다양한 BPM에서 연습하면 연주 실력과 템포감이 같이 향상됩니다.,리듬; 박자표,Rhythm; Time Signature
68,1,상대적 접근법,Relative Approch,상대적 학습법; 상대적 인식,"상대적 접근법이란, 코드,스케일,진행 등을 루트음이나 키의 기준 관계에 따라 파악하는 음악 이론 접근 방식입니다.","이 방법을 익히면 전조,즉흥,편곡,모드,펑션,스케일 등 거의 모든 음악 이론 개념을 한 번에 이해할 수 있습니다.; 모든 키에서 똑같은 구조와 논리로 음악적 구조를 해석할 수 있게 됩니다.",메이저스케일; Major chord,"메이저스케일을 상대적으로 보면 '1-2-3-4-5-6-7-8음'인데, '3-4음'과 '7-8음'이 반음이라는 점을 활용하여 다양한 스케일의 계산을 할 수 있습니다.; Major chord의 구성음은 '1-3-5음'으로 구성되어있으며, 이를 스케일과 같이 접목시켜서 활용한다면 모든 코드들을 만들 수 있습니다.",메이저스케일과 Major chord는 모든 Key(12음)에서 정확히 익힌다면 이를 활용하여 거의 모든 음악이론들을 분석할 수 있기에 매우 중요합니다.,음정; 스케일; 코드,Interval; Scale; Chord
69,,코드,Chord,화음; Chords; 화성,코드는 둘 이상의 음을 동시에 연주하는 화성의 최소 단위 입니다.,"코드는 보통 3개 이상의 음이 한 번에 울릴때 성립합니다.; 가장 기본적인 코드는 '트라이어드(3화음)'으로, '1-3-5'음으로 이루어집니다.; 코드는 곡의 조성과 분위기, 진행을 결정하는 역할을 하며 다양한 화성적 효과를 만들어냅니다.",C Major chord(C메이저코드); C minor chord(C마이너코드),"C(도(1음)),E(미(3음)),G(솔(5음))를 동시에 연주하면 C Major Chord가 됩니다.; C(도(1음)),Eb(미플랫(b3음)),G(솔(5음))을 동시에 연주하면 C minor Chord가 됩니다.",각 코드의 느낌과 성격을 귀로 자주 들어보고 익히는 것이 중요합니다.; 코드는 기본적으로 3도음정의 쌓기로 만들어진다는 점을 기억하세요.,음정; 스케일,Interval; Scale
70,1,트라이어드,Triad,3화음; Triad Chord,"트라이어드는 근음, 3도음, 5도음으로 구성된 3개의 음으로 이루어진 기본적인 코드입니다.","트라이어드는 3개의 음(근음, 3도, 5도)의 구성에 따라 다양한 종류로 나뉩니다.; 주요 트라이어드는 메이저, 마이너, 디미니시드, 어그멘티드, 서스펜디드(서스2, 서스4)로 구분됩니다.; 각 트라이어드는 음정 구조의 변화에 따라 독특한 색깔과 화성적 기능을 가집니다.; 기본적으로 3음은 메이저계열, b3음은 마이너계열입니다.",C; Am,"C(도(1음)),E(미(3음)),G(솔(5음))로 이루어진 대표적인 트라이어드입니다.; A(라(1음)),C(도(b3음)),E(미(5음))로 이루어진 마이너3화음입니다. ",트라이어드는 모든 복잡한 코드의 기초가 되므로 반드시 구조를 정확히 이해하세요.,코드; 음정,Chord; Interval
71,70,메이저코드,Major Chord,메이저트라이어드; Major Triad,메이저코드는 '1-3-5'음으로 구성된 밝고 안정적인 트라이어드코드입니다.,"근음(1음)에서 장3도, 장3도에서 다시 단3도만큼 쌓아 구성됩니다.; 가장 기본적이고 많이 쓰이는 화성의 기초입니다.; 표기법은 음이름뒤에 'M(대문자)','(공백)' 또는 'maj'로 표시합니다.; 상대적 계산방법을 통해 쉽게 찾을 수 있습니다. 1음은 근음(루트)이고, 3음은 근음(루트)으로부터 반음 4개 위의 음, 5음은 3음으로부터 반음 3개 위의 음 입니다.",C,"C(1),E(3),G(5) 세음으로 구성된 메이저코드입니다.",모든 메이저스케일을 외운 뒤 상대적으로 '1-3-5'음을 찾으면 메이저코드를 만들 수 있습니다.,메이저 스케일; 트라이어드,Major Scale; Triad
72,70,마이너코드,Minor Chord,마이너트라이어드; Minor Triad,마이너코드는 '1-b3-5'음으로 구성된 어두운 느낌의 트라이어드코드입니다.,"근음(1음)에서 단3도, 단3도에서 다시 장3도만큼 쌓아 구성됩니다.; 표기법은 음이름 뒤에 '-','m(소문자)' 또는 'min'를 붙입니다.",Cm,"C(1),Eb(b3),G(5) 세음으로 구성된 마이너코드입니다.",메이저코드(1-3-5)에서 3음을 플랫시켜주면 마이너코드가 됩니다.,메이저 스케일; 트라이어드,Major Scale; Triad
73,70,디미니시드코드,Diminished Chord,디미니시드트라이어드; Diminished Triad,디미니시드코드는 '1-b3-b5'음으로 구성된 불안한 트라이어드코드입니다.,"근음(1음)에서 단3도, 단3도에서 다시 단3도만큼 쌓아 구성됩니다.; 표기법은 음이름 뒤에 'o'또는 'dim' 붙입니다.",Co,"C(1),Eb(b3),Gb(b5) 세음으로 구성된 디미니시드코드입니다.",마이너코드(1-b3-5)에서 5음을 플랫시켜주면 디미니시드코드가 됩니다.; b3음이기 때문에 마이너계열의 코드인 점을 기억하세요.,메이저 스케일; 트라이어드,Major Scale; Triad
74,70,어그멘티드코드,Augmented Chord,어그멘티드트라이어드; Augmented Triad,어그멘티드코드는 '1-3-#5'음으로 구성된 확장감 있는 트라이어드코드입니다.,"근음(1음)에서 장3도, 장3도에서 다시 장3도만큼 쌓아 구성됩니다.; 표기법은 음이름 뒤에 '+' 또는 'aug'를 붙입니다.",C+,"C(1),E(3),G#(#5) 세음으로 구성된 어그멘티드코드입니다.",메이저코드(1-3-5)에서 5음을 샾시켜주면 어그멘티드코드가 됩니다.; 3음이기 때문에 메이저계열의 코드인 점을 기억하세요.,메이저 스케일; 트라이어드,Major Scale; Triad
75,70,서스2코드,Sus2 Chord,서스2 트라이어드; Suspended 2nd Chord; Sus2; 서스투,서스2코드는 '1-2-5'음으로 구성된 중립적이고 긴장감이 있는 코드입니다.,"근음(1음)에서 장2도, 장2도에서 다시 완전4도만큼 쌓아 구성됩니다.; 표기법은 음이름 뒤에 'sus2'를 붙입니다.",Csus2,"C(1),D(2),G(5) 세음으로 구성된 서스2코드입니다.",메이저코드(1-3-5)에서 3음을 더블플랫시켜주면 서스2코드가 됩니다.; 3음이 없기 때문에 중립적인 코드입니다. 그렇기에 경과화음 혹은 긴장감을 지속하는 코드입니다.,메이저 스케일; 트라이어드,Major Scale; Triad
76,70,서스4코드,Sus4 Chord,서스4 트라이어드; Suspended 4th Chord; Sus4; 서스포,서스4코드는 '1-4-5'음으로 구성된 중립적이고 긴장감이 있는 코드입니다.,"근음(1음)에서 완전4도, 완전4도에서 다시 장2도만큼 쌓아 구성됩니다.; 표기법은 음이름 뒤에 'sus4'를 붙입니다.",Csus4,"C(1),F(4),G(5) 세음으로 구성된 서스4코드입니다.",메이저코드(1-3-5)에서 3음을 샾시켜주면 서스4코드가 됩니다.; 3음이 없기때문에 중립적인 코드입니다. 그렇기에 경과화음 혹은 긴장감을 지속하는 코드입니다.,메이저 스케일; 트라이어드,Major Scale; Triad
77,1,코드의 퀄리티,Chord Quality,Chord Type; 코드 성격,"코드의 퀄리티는 근음 위에 쌓이는 3음, 5음, 7음 등의 음정 구조에 따른 코드의 성격과 색깔 차이를 말합니다.","코드는 3음, 5음, 7음 등 구성음의 음정에 따라 메이저,마이너,디미니시드,어그멘티드 와 같은 퀄리티로 분류됩니다.; 세븐스코드에서는 7음의 내추럴,플랫에 따라 '메이저7', '도미넌트7','마이너7' 등으로 성격이 더욱 세분화됩니다.; 코드의 퀄리티는 곡의 분위기, 기능, 진행 감각을 결정하는 핵십 요소입니다.; 가장 기본 단위는 3음의 변화에 따라 메이저(3),마이너(b3)의 퀄리티를 결정하는 부분입니다.",CMaj7; C7,"C(1),E(3),G(5),B(7)음으로 구성된 밝고 맑은 느낌의 메이저7 코드입니다.; C(1),E(3),G(5),Bb(b7)음으로 구성된 강한 긴장감과 해결욕구를 가진 도미넌트7 코드입니다. ","코드퀄리티는 실제 화성분석, 곡 해석, 편곡, 즉흥연주에 있어 음악의 색깔과 방향을 결정하는 핵심입니다.",트라이어드; 세븐스 코드; 음정,Triad; Seventh Chord; Interval
78,1,코드의 구조,Chord Structure,화음의 구조; 코드구조,"코드의 구조란, 한 코드를 근음, 코드퀄리티, 7(세븐스), 텐션 등 다양한 요소로 분해해 체계적으로 파악하는 방식을 의미합니다.","일반적으로 코드는 가장 아래의 근음(음이름), 그 위로 쌓이는 3음 5음 등의 음정 구조와 퀄리티, 그리고 추가되는 7음, '9,11,13'과 같은 텐션 음으로 이루어집니다.; 코드를 표기할 때에는 '음이름-코드퀄리티-7-텐션'을 따르는 것이 원칙입니다.; 이러한 시스템 덕분에 아무리 복잡한 코드라도 그 구조만 알면 쉽게 분해하여 구성음을 찾을 수 있습니다.",CMaj7(9); Cm7(11),C(루트)-maj(메이저퀄리티(3음))-5음-7음-9음(텐션)으로 구성된 코드입니다.; C(루트)-m(마이너퀄리티(b3음))-5음-b7음-11음(텐션)으로 구성된 코드입니다.,"어떠한 복잡한 코드도 이런방식으로 전개한다면, 분해하여 해석할 수 있습니다.; 음이름의 플랫(Bb),샾(C#)과 코드퀄리티(3,b3)음을 헷갈리지 않도록 주의하세요.",코드; 코드의 퀄리티,Chord; Chord Quality
79,1,세븐스 코드,Seventh Chord,4화음; 7화음; 7th Chord,"세븐스 코드는 기본적인 3화음 위에 7번째 음(7도, 세븐스)을 쌓아 네 개의 음으로 만드는 코드입니다.","세븐스 코드는 트라이어드에 7도를 더해 화성적 깊이, 긴장감, 풍부한 색깔을 부여합니다.; 7음(7th)은 근음의 거리를 기준으로 장7도, 단7도 등 다양한 방식으로 쌓일 수 있으며, 그에 따라 Maj7, min7, dom7, mMaj7 등 다양한 세븐스 코드가 만들어집니다.; 기본적인 코드진행과 재즈, 팝, 클래식 등 모든 장르에서 코드 전개와 해석에 매우 중요한 역할을 합니다.",CMaj7; C7,"C(1),E(3),G(5),B(7)음으로 구성된 밝고 맑은 느낌의 메이저7 코드입니다.; C(1),E(3),G(5),Bb(b7)음으로 구성된 강한 긴장감과 해결욕구를 가진 도미넌트7 코드입니다. ","각 세븐스코드는 3음,5음,7음의 장단/증/감에 따라 성격이 크게 달라집니다.",트라이어드; 코드의 퀄리티,Triad; Chord Quality
80,79,메이저세븐코드,Major7 Chord,메이저세븐스코드; 메이저7코드; Major7th chord; Maj7 chord; M7; △7 ,메이저세븐코드는 '1-3-5-7'음으로 구성된 밝고 부드러운 세븐스코드입니다.,"근음, 장3도, 완전5도, 장7도로 이루어집니다.; 표기법은 음이름 뒤에 M7(대문자), maj7, △7 으로 표기합니다. ",CMaj7,"C(1),E(3),G(5),B(7)음으로 구성된 밝고 맑은 느낌의 메이저7 코드입니다.","모든 메이저스케일을 외운 뒤 상대적으로 '1-3-5-7'음을 찾으면 메이저세븐코드를 만들 수 있습니다.; 7음을 찾는 방법은, 메이저스케일에서 '7-8음'이 반음인 점을 활용하세요.",트라이어드; 코드의 퀄리티; 스케일; 음정,Triad; Chord Quality; Scale; Interval
81,79,마이너세븐코드,Minor7 Chord,마이너세븐스코드; 마이너7코드; minor7th chord; m7 chord; m7; -7,마이너세븐코드는 '1-b3-5-b7'음으로 구성된 부드럽고 차분한 세븐스코드입니다.,"근음, 단3도, 완전5도, 단7도로 이루어집니다.; 표기법은 음이름 뒤에 m7(소문자), min7, -7 으로 표기합니다. ",Cm7,"C(1),Eb(b3),G(5),Bb(b7) 네음으로 구성된 마이너세븐코드입니다.",메이저세븐코드(1-3-5-7)에서 3음과 7음을 플랫시켜주면 마이너세븐코드가 됩니다.,트라이어드; 코드의 퀄리티; 스케일; 음정,Triad; Chord Quality; Scale; Interval
82,79,도미넌트세븐코드,Dominant7 Chord,도미넌트세븐스코드; 도미넌트7코드; Dominant 7th chord; Dom7 chord; Dom7; 7,도미넌트세븐코드는 '1-3-5-b7'음으로 구성된 불안정하며 해결지향적인 세븐스코드입니다.,"근음, 장3도, 완전5도, 단7도로 이루어집니다.; 표기법은 음이름 뒤에 7, dom7 으로 표기합니다. ",C7,"C(1),E(3),G(5),Bb(b7) 네음으로 구성된 도미넌트세븐코드입니다.",메이저세븐코드(1-3-5-7)에서 7음을 플랫시켜주면 도미넌트세븐코드가 됩니다.; 도미넌트 세븐코드는 각종 이론에서 중요하게 사용되는 코드이므로 특히 잘 기억하는것이 좋습니다.,트라이어드; 코드의 퀄리티; 스케일; 음정,Triad; Chord Quality; Scale; Interval
83,79,마이너메이저세븐코드,Minormajor7 Chord,마이너메이저세븐스코드; 마이너메이저7코드; Minormajor7th chord; mMaj7 chord; mM7; -△7,마이너메이저세븐코드는 '1-b3-5-7'음으로 구성된 긴장되고 독특한 사운드의 세븐스코드입니다.,"근음, 단3도, 완전5도, 장7도로 이루어집니다.; 표기법은 음이름 뒤에 m(소문자)M(대문자)7, mMaj7, -△7 으로 표기합니다. ",CmM7,"C(1),Eb(b3),G(5),B(7) 네음으로 구성된 마이너메이저세븐코드입니다.",메이저세븐코드(1-3-5-7)에서 3음을 플랫시켜주면 마이너메이저세븐코드가 됩니다.,트라이어드; 코드의 퀄리티; 스케일; 음정,Triad; Chord Quality; Scale; Interval
84,79,하프디미니시드세븐코드,Half-diminished7 Chord,하프디미니시드세븐스코드; 하프디미니시드7코드; Half-diminished 7th chord; 하프디미니시; ø7; m7b5,하프디미니시드세븐코드는 '1-b3-b5-b7'음으로 구성된 긴장감이 있으면서도 완전한 불안은 아닌 세븐스코드입니다.,"근음, 단3도, 완전5도, 단7도로 이루어집니다.; 표기법은 음이름 뒤에 m7b5, ø7 으로 표기합니다.; 마이너세븐플랫파이브코드라고도 불립니다.",Cm7b5,"C(1),Eb(b3),Gb(b5),Bb(b7) 네음으로 구성된 하프디미니시드세븐코드입니다.",마이너세븐코드(1-b3-5-b7)에서 5음을 플랫시켜주면 마이너세븐코드가 됩니다.; 디미니시드세븐코드와 헷갈리지 않도록 주의해주세요.,트라이어드; 코드의 퀄리티; 스케일; 음정,Triad; Chord Quality; Scale; Interval
85,79,디미니시드세븐코드,Diminished7 Chord,디미니시드세븐스코드; 디미니시드7코드; Diminished 7th chord; Dim7 chord; dim7; o7,디미니시드세븐코드는 '1-b3-b5-bb7'음으로 구성된 극도의 불안정성을 가진 세븐스코드입니다.,"근음, 단3도, 감5도, 겹감7도로 이루어집니다.; 표기법은 음이름 뒤에 dim7, o7 으로 표기합니다.; 디미니시드세븐코드는 모든 음정간격이 각각 단3도씩으로 이루어져있습니다. 이 특징을 활용하여 전위(Inversion)시키면 총 3개의(C,C#(Db),D) 디미니시드코드가 존재합니다. 그래서 '순환코드'라고도 불립니다.",Co7,"C(1),Eb(b3),Gb(b5),Bbb(bb7) 네음으로 구성된 디미니시드세븐코드입니다.",하프디미니시세븐코드(1-b3-b5-b7)에서 7음을 한번 더 플랫(더블플랫)시켜주면 디미니시드세븐코드가 됩니다.,트라이어드; 코드의 퀄리티; 스케일; 전위; 음정,Triad; Chord Quality; Scale; Inversion; Interval
86,79,어그멘티드세븐코드,Augmented7 Chord,어그멘티드세븐스코드; 어그멘티드7코드; Augmented 7th chord; aug7 chord; +7; augmented dominant; 어그멘티드도미넌트코드,어그멘티드세븐코드는 '1-3-#5-b7'음으로 구성된 독특하고 현대적인 느낌의 세븐스코드입니다.,"근음, 장3도, 증5도, 단7도로 이루어집니다.; 표기법은 음이름 뒤에 aug7, +7 으로 표기합니다. ",C+7,"C(1),E(3),G#(#5),Bb(b7) 네음으로 구성된 어그멘티드세븐코드입니다.",도미넌트세븐코드(1-3-5-b7)에서 5음을 샾시켜주면 어그멘티드세븐코드가 됩니다.; 메이저세븐샾파이브코드와 헷갈리지 않도록 주의해주세요.,트라이어드; 코드의 퀄리티; 스케일; 음정,Triad; Chord Quality; Scale; Interval
87,79,도미넌트세븐서스포코드,Dominant7 Suspended4 Chord,도미넌트세븐스서스4코드; 도미넌트7서스4코드; Dominant 7th Suspended 4th chord; dom7sus4; 7sus4,도미넌트세븐서스포코드는 '1-4-5-b7'음으로 구성된 강한 긴장감을 가진 세븐스코드입니다.,"근음, 완전4도, 완전5도, 단7도로 이루어집니다.; 표기법은 음이름 뒤에 7sus4 로 표기합니다. ",C7sus4,"C(1),F(4),G(5),Bb(b7) 네음으로 구성된 도미넌트세븐서스포코드입니다.",도미넌트세븐코드(1-3-5-b7)에서 3음을 샾시켜주어 4음으로 만들어주면 도미넌트세븐서스포코드가 됩니다.,트라이어드; 코드의 퀄리티; 스케일; 음정,Triad; Chord Quality; Scale; Interval
88,79,메이저세븐샾파이브코드,Major7 Sharp5 Chord,메이저세븐스코드; 메이저7코드; Major7th chord; Maj7 chord,메이저세븐샾파이브코드는 '1-3-#5-7'음으로 구성된 신비로운 느낌의 세븐스코드입니다.,"근음, 장3도, 증5도, 장7도로 이루어집니다.; 표기법은 음이름 뒤에 M7(대문자)#5, maj7#5, △7#5 으로 표기합니다. ",CMaj7#5,"C(1),E(3),G#(5),B(7) 네음으로 구성된 메이저세븐샾파이브코드입니다.",메이저세븐코드(1-3-5-7)에서 5음을 샾시켜주면 메이저세븐샾파이브코드가 됩니다.,트라이어드; 코드의 퀄리티; 스케일; 음정,Triad; Chord Quality; Scale; interval
89,1,전위,Inversion,코드 전위; Chord Inversion,전위는 코드의 구성음 중 근음 이외의 음을 가장 낮은 음(베이스)으로 두어 코드를 재배치하는 방법입니다.,"기본형(루트 포지션)은 근음이 가장 낮은 음이지만, 전위를 사용하면 3도, 5도, 7도 등의 음이 베이스에 올 수 있습니다.; 전위는 코드 진행을 더 부드럽게 하거나, 저음 선율(베이스 라인)의 움직임을 자연스럽게 만들어주며, 특유의 화성 감각을 줄 수 있습니다.; 표기법은 '코드/베이스음'의 형태로 되어있습니다, 'chord on bass' 의 형태도로 불립니다. 예를 들어 C/E의 경우 오른손에 C major chord를 연주하고 왼손베이스음은 E를 연주하고, C on E도 동일합니다.; 트라이어드는 총 2전위까지 있으며, 세븐스코드는 3전위까지 있습니다.",C/G,"오른손에는 C major chord를 연주하고, 왼손에는 G 베이스음을 연주합니다.",전위를 활용하면 베이스라인이 부드럽고 자연스러워져 다양한 편곡법에 활용됩니다.; 실제 연주에서 전위 코드를 많이 들어보고 손으로 만들어보면 각 전위의 차이를 쉽게 익힐 수 있습니다.; 전위를 사용하여 연주시 경제적인 움직임과 보이싱(화성의 멜로디)를 만들 수 있습니다.,코드,Chord
90,89,분수코드,Slash chord,"슬래시코드, 분수화음, Slash",분수코드는 코드표기에서 '/' 기호를 사용하여 코드의 베이스음(최저음)이 근음과 다를때 이를 명확히 적는 방법입니다.,"분수코드는 코드 이름 뒤에 ‘/’와 함께 베이스음(하단음)을 적어서 표시합니다.; 예를 들어, C/G는 C(도, 미, 솔)라는 코드 중 솔(G)이 베이스일 때를 의미하며, 분수 기호 '/'는 '위의 코드를 아래 베이스음으로 연주'라는 뜻입니다.; 분수코드는 코드의 전위(Inversion) 역할을 하기도 하며, 다른 임의의 베이스음과 결합하는 경우에도 사용됩니다.; 분수코드는 베이스라인을 의도적으로 연주하거나, 화성에 특별한 색채 및 흐름을 주고 싶을 때 활용됩니다.",C/E,"C(도, 미, 솔) 코드 중 미(E)를 베이스로 연주한다는 뜻이며, 이는 C코드의 1전위와 같습니다.","분수코드는 코드 위에 원하는 베이스음을 직접 지정해 줄 수 있으므로 베이스라인 설계나 편곡에 매우 유용합니다.; 실전에서는 직접 다양한 분수코드를 연주하고, 베이스 움직임에 주목하는 연습이 중요합니다.; 표기법상 왼쪽(코드) 오른쪽(베이스)이기 때문에 오른손으로 주로 코드를 연주를 할때 헷갈리지 않도록 주의해주세요.",전위,Inversion
91,89,하이브리드코드,Hybrid chord,"복합코드, 오버코드, Over Chord","하이브리드 코드는 코드 표기에서 ‘/’ 기호를 사용하여, 윗줄에는 하나의 코드(트라이어드, 세븐스 등), 아래에는 그 코드와 화성적으로 독립된 다른 음을 베이스로 놓아 두 구조가 결합된 특별한 코드입니다.","F/G, D/E, A/B 등은 분자의 코드 구성음이 분모에 들어가지 않기 때문에 기존 코드보다 더 확장된 코드로 볼 수 있습니다.; 하이브리드 코드는 팝, 재즈 등 풍부한 텐션 확장 화음을 만들기 위해 자주 사용됩니다. ",C/D,"C(도, 미, 솔) 코드 중 레(D)를 베이스로 연주한다는 뜻이며, 총 연주해야할 음은 '도,레,미,솔'음으로 D9sus4(레, 솔, 라, 도, 미)와 유사한 구성음을 가지고 있습니다.","하이브리드 코드는 즉흥 연주, 편곡, 보이싱에서 다양한 모달/텐션 사운드를 만들 때 매우 효과적입니다.; 하이브리드 구조를 이해하면, 상위 코드(우측/위)에 텐션, 하위 코드(베이스)로 베이스 진행을 따로 조합하는 등 다양한 코드 확장이 가능해집니다.",분수코드; 코드,Slash chord; Chord
92,1,아르페지오,Arpeggio,분산화음; 아르페지오 연주,"아르페지오는 코드(화음)를 동시에 누르거나 치지 않고, 구성음을 순차적으로 하나씩 나누어 연주하는 주법입니다.","아르페지오는 ‘분산화음’이라고도 부르며, 코드의 각 음을 위나 아래로 한 음씩 빠르게 연주하여 흐르는 듯한 효과를 만듭니다.; 아르페지오는 화성의 인상을 주면서도 멜로디처럼 선율적 효과를 주는 것이 특징입니다.",C 아르페지오,"C major chord를 한번에 누르지 않고, 도-미-솔 또는 솔-미-도 등 다양한 순서로 차례대로 연주합니다.","아르페지오 연습시, 메트로놈이나 느린 템포에서 균일한 타이밍으로 각 음을 명확하게 연주해보세요.; 화음의 구성음을 익히고, 여러 코드에서 아르페지오로 연주해보면 손의 움직임과 귀에 익숙해져 효과적으로 실무에 적용할 수 있습니다.",코드; 음계,Chord; Scale
93,1,이끈음,Leading Tone,Leading Note; 리딩톤; 이끄는 음,"이끈음은 음계에서 가장 높은 음인 으뜸음(1도) 바로 아래의 7도 음으로, 해소(해결)를 유도하는 역할을 합니다.","이끈음은 메이저 스케일에서 7도(예: C메이저의 B)가 으뜸음(도)로 자연스럽게 이어지려는 강한 성질이 있습니다.; 내추럴마이너스케일에서는 b7음이 이끈음 역할이 약해 멜로딕/하모닉마이너스케일에서 b7음을 7음으로 인위적으로 올려 사용합니다.; 화성에서는 도미넌트 코드(V, 주로 7음을 포함한 코드) 내에서도 이끈음이 포함되어, 으뜸음(토닉)으로의 해소(해결) 역할을 극대화합니다.",G7코드의 이끈음,"G7(솔, 시, 레, 파)에서 시(B)는 3음으로 코드의 퀄리티음을 담당하며, C 메이저키(스케일)의  이끈음(7음)으로서 C(도)라는 으뜸음으로 강하게 해결되고자 하는 성질이 있습니다.","이끈음의 해결감은 화성진행(특히 Ⅴ–Ⅰ, 도미넌트–토닉)에서 곡의 종지감·완결감을 결정합니다.; 멜로디나 즉흥 연주에서도 이끈음이 으뜸음에 잘 연결되도록 하면 자연스럽고 설득력 있는 라인을 만들 수 있습니다.",스케일; 코드,Scale; Chord
94,1,파워코드,Power Chord,5코드; 5화음; Powerchord,"파워코드는 근음과 완전5도만으로 이루어진, 3음(3rd)이 없는 단순하고 강렬한 특수 코드입니다.","기존 코드(트라이어드 등)은 근음, 3도, 5도로 구성되지만, 파워코드는 3도를 생략하고 근음과 5도 즉 완전5도만으로 연주합니다.; 이 구조 때문에 메이저와 마이너의 구분이 없이, 중립적이고 강한 인상을 줍니다.; 드라이브가 많이 걸린 전자기타, 베이스, 락/메탈 음악 등에서 날카롭고 명확한 사운드를 위해 널리 사용됩니다.; 표기법은 보통 C5, G5, D5(음이름+5)로 쓰거나, 탭악보/기타악보에서 흔히 볼 수 있습니다.",C5,"C(도), G(솔)만을 동시에 연주하는 코드입니다.","파워코드는 메이저/마이너 코드로 모두 대체해 쓸 수 있으나, 선명하고 중성적인 사운드를 원할 때 사용합니다.; 기타·베이스에서는 옥타브 음까지 포함해 연주하면 더욱 풍성해집니다.",음정; 코드,Interval; Chord
95,1,애드코드,Add Chord,add2; add4; add9; 애드2; 애드4; 애드9,"애드코드는 기본 코드(트라이어드, 세븐스 등)에 2도, 4도, 9도 음계처럼 특정 음을 추가해 만든 특수 코드입니다.","기본적인 코드(메이저, 마이너 등)에 없는 음(주로 2도, 4도, 9도 등)을 함께 울리도록 ‘추가(add)’하는 것이 애드 코드의 원리입니다.; 예를 들어 Cadd9는 C메이저(도, 미, 솔)에 9도(레)를 함께 사용합니다. Cadd2는 도, 레, 미, 솔이 됩니다.; 화성에 독특한 색채와 감성을 추가하고 싶을 때 쓰이며, 현대 팝, 포크, 재즈, 영화음악, 현악 합주 등에서 자주 활용됩니다.",Cadd9,"C(도), E(미), G(솔), D(레)를 동시에 연주하는 코드. 밝고 청량한 사운드를 만들 수 있습니다.","애드코드는 반드시 3도음을 남겨둔 채 특정 음을 '더한다'는 점에서 sus 코드와 구분하세요.; 기타, 피아노 등에서 손이 닿는 한 자유롭게 추가할 수 있지만, 지나치게 '밀집'되지 않도록 주의해야 화성감이 깨끗하게 살아납니다.",음정; 코드,Interval; Chord
96,1,6코드,Sixth Chord,6화음; 메이저6코드; 마이너6코드; M6; m6,6코드는 기본 3화음(메이저 또는 마이너)에 6도 음을 추가해서 만든 4화음의 특수 코드입니다.,"C6는 C(도), E(미), G(솔) 위에 6도인 A(라)를 더한 코드이고, Cm6는 C(도), Eb(미플랫), G(솔), A(라)로 구성됩니다.; 6코드는 7코드처럼 추가음이 포함되지만, 7도 대신 6도를 더해 독특하고 부드러운 분위기를 연출합니다.",C6,"C(도), E(미), G(솔), A(라) — 밝고 온화한 느낌의 6코드입니다.","6코드는 7코드와 착각하기 쉽지만, 6도(위에서 여섯 번째 음)가 포함되는 점을 확인하세요.; 기존 트라이어드 폼에 6도 한 음을 더하는 방식으로 쉽게 만들 수 있습니다.",음정; 코드,Interval; Chord
97,96,메이저6코드,Major Sixth Chord,M6; 메이저6; 6,메이저6코드는 '1-3-5-6'음으로 구성된 코드입니다.,"근음, 장3도, 완전5도, 장6도로 쌓입니다.; 표기법은 음이름 뒤에 'M(대문자)6','6' 또는 'maj6'로 표기합니다.",C6,"C(도), E(미), G(솔), A(라)로 구성됩니다.","메이저코드 대신 사용되기도 하며, 재즈,팝 등 엔딩에 자주 사용되는 코드입니다.",6코드,Sixth Chord
98,96,마이너6코드,minor Sixth Chord,m6; 마이너6,메이저6코드는 '1-b3-5-6'음으로 구성된 코드입니다.,"근음, 단3도, 완전5도, 장6도(혹은 단6도)로 쌓입니다.; 표기법은 음이름 뒤에 'm(소문자)6','-6' 또는 'min6'로 표기합니다.",Cm6,"C(도), Eb(미b), G(솔), A(라) 혹은 C(도), Eb(미b), G(솔), Ab(라b) 로 구성됩니다.","마이너6는 멜로딕 마이너, 하모닉 마이너 스케일 등의 분위기와도 잘 어울립니다.",6코드,Sixth Chord
99,,초급 화성학,Elementary Harmony,기초 화성학; 입문 화성; Basic Harmony,"초급 화성학은 음악에서 화음과 그 기능, 화성 진행의 원리를 기초적으로 배우는 이론 분야입니다.","다이아토닉 코드, 코드 펑션(기능), 기본적인 화성진행 패턴, 전위, 가이드톤 등 음악 작곡이나 연주에 필수적인 기초를 다집니다.; 초급 화성학을 통해 음악적 구조를 이해하고, 스스로 음악을 분석하거나 작곡하는 데 토대를 마련할 수 있습니다.",다이아토닉,,"코드의 이름과 역할(토닉, 도미넌트 등) 및 진행 원리를 이해하는 것이 중요합니다.; 여러 키로 연습해보면 화성학적인 이해도가 더 높아집니다.; 상대적 접근법을 활용하여 학습하는 것이 이해하기 쉽습니다.",음정; 스케일; 코드; 상대적 접근법,Interval; Scale; Chord; Relative Approch
100,1,다이아토닉,Diatonic,다이어토닉; 다이아토닉 코드; Diatonic Chord,다이아토닉은 한 조성에 포함되는 7개의 스케일 음과 그 음으로 만들어진 코드 집합을 의미합니다.,"하나의 조성에서 자연스럽게 사용 가능한 코드를 의미합니다.; 주로 주요 화성진행이나 작곡에서 기준이 되는 재료가 됩니다.; 메이저키의 다이아토닉의 순서는 세븐스코드를 기준으로 'IMaj7-iim7-iiim7-IVmaj7-V7-vim7-viim7b5'로 되어있습니다.; 로마숫자를 활용하여 분석하는데, 메이저는 대문자로 표시하며 마이너는 소문자로 표시합니다.",C 메이저키의 다이아토닉 코드,Cmaj7-Dm7-Em7-FM7-G7-Am7-Bm7b5,"각 조성별 다이아토닉 코드를 외워두면 작곡이나 분석에 많은 도움이 됩니다.; 모든 키를 외우기 힘드니, 로마숫자 순서를 기억하는것이 도움이 됩니다. 로마숫자는 화성 분석시 약자로 자주 쓰이므로 같이 익혀두세요.",스케일; 코드; 초급 화성학,Scale; Chord; Elementary Harmony
101,1,코드펑션,Chord Function,코드기능; 화성기능; 코드의 기능; 코드의 역할,"코드펑션은 각 화음이 조성 내에서 맡는 역할과 기능, 즉 음악 흐름과 긴장·이완의 구조 속에서 차지하는 위치를 뜻합니다.","모든 조성음악에서 코드들은 단순히 나열되는 것이 아니라 각각 고유의 역할을 가지고 이어집니다.; 기본적으로 토닉(Tonic), 서브도미넌트(Subdominant), 도미넌트(Dominant)라는 세 가지 주요 기능이 있습니다.; 각 코드가 맡는 기능을 이해하면, 보다 자연스럽고 논리적인 화성진행 및 작곡이 가능합니다.",C 메이저키의 대표적 코드펑션,"C(토닉), F(서브도미넌트), G(도미넌트) 등으로 각 코드가 맡는 역할이 다릅니다.","각 코드가 맡은 기능을 도수(I, IV, V등)와 함께 외우면 실제 작곡과 분석이 쉽게 됩니다.",다이아토닉,Diatonic
102,101,토닉,Tonic,I; I도; 1도; IM7; Imaj7; I△7,"토닉은 조성의 중심이 되는 첫 번째 음 또는 코드로, 음악 내에서 가장 안정되고 휴식적인 역할을 담당합니다.","토닉은 곡의 시작과 끝에서 자주 사용되어 음악적 결말이나 안정감을 줍니다.; 다이아토닉 스케일에서 1도 음, 1도 코드가 토닉입니다.; 세븐스코드 기준 IM7으로 표기됩니다.",C Major key에서 C 또는 C 메이저코드,C(도) 음 또는 C(도미솔) 코드가 토닉입니다.,토닉은 '음악의 집'이라고 기억하면 이해하기 쉽습니다.,스케일; 세븐스 코드,Scale; Seventh Chord
103,101,슈퍼토닉,Supertonic,II; ii도; 2도; iim7; ii-7,"슈퍼토닉은 스케일의 두 번째 음 또는 그에 해당하는 코드로, 주로 연결이나 전환의 역할을 하는 중간적 기능을 가집니다.",슈퍼토닉은 서브도미넌트와 비슷한 기능으로 코드진행에서 중요한 연결고리 역할을 합니다.; 서브도미넌트와 유사한 기능을 합니다.; 세븐스코드 기준 iim7으로 표기됩니다.,C Major key에서 D 또는 D 마이너코드,D(레) 음 또는 Dm(레파라) 코드가 슈퍼토닉입니다.,슈퍼토닉을 5도(도미넌트)로 진행시키는 것이 자주 쓰이는 패턴입니다.,스케일; 세븐스 코드,Scale; Seventh Chord
104,101,미디언트,Mediant,III; iii도; 3도; iiim7; iii-7,"미디언트는 스케일의 세 번째 음 또는 코드로, 토닉과 도미넌트의 중간을 의미하여 부드러운 연결이나 변화를 주는 기능을 합니다.","미디언트는 메이저스케일에서 따라 마이너 코드로 쓰입니다.; 주요 화음으로 사용되는 경우는 적지만, 멜로디 흐름상 중요한 역할을 합니다.; 토닉과 유사한 기능을 합니다.; 세븐스코드 기준 iiim7으로 표기됩니다.",C Major key에서 E 또는 E 마이너코드,E(미) 음 또는 Em(미솔시) 코드가 미디언트입니다.,미디언트는 토닉과 도미넌트 코드를 이어주는 부드러운 역할을 합니다.,스케일; 세븐스 코드,Scale; Seventh Chord
105,101,서브도미넌트,Subdominant,IV; IV도; 4도; IVMaj7; IVM7; IV△7,"서브도미넌트는 스케일의 네 번째 음 또는 코드로, 토닉에서 도미넌트로 이행할 때 중요한 연결 기능을 합니다.","서브도미넌트 코드는 음악에 변화를 주고, 연결과 진행의 역할을 맡습니다.; 강한 긴장이나 해소를 만들지는 않지만, 음악에 부드러운 색채를 입힙니다.; 세븐스코드 기준 IVmaj7으로 표기됩니다.",C Major key에서 F 또는 F 메이저코드,F(파) 음 또는 F(파라도) 코드가 서브도미넌트입니다.,서브도미넌트는 도미넌트로 자연스럽게 연결되는 브리지 역할을 기억하세요.,스케일; 세븐스 코드,Scale; Seventh Chord
106,101,도미넌트,Dominant,V; V도; 5도; V7; Vdom7,"도미넌트는 스케일의 다섯 번째 음 또는 코드로, 가장 강한 긴장을 만들어 토닉으로 진행하려는 성격이 큽니다.","도미넌트에는 기준 조성 스케일의 7번째 음인 리딩톤이 포함되어 있어, 토닉으로 가려는 힘이 큽니다.; 세븐스코드 기준 V7로 표기됩니다.",C Major key에서 G 또는 G 메이저코드,G(솔) 음 또는 G(솔시레) 코드가 도미넌트입니다.,도미넌트 다음에 토닉이 올 때 음악이 완전히 안정된다는 점을 자주 체험해보세요.; 도미넌트를 활용한 여러가지 고급화성기법을 배울 수 있습니다.,스케일; 세븐스 코드,Scale; Seventh Chord
107,101,서브미디언트,Submediant,VI; vi도; 6도; vim7; vi-7,"서브미디언트는 스케일의 여섯 번째 음 또는 코드로, 토닉의 상대 단조로 연결되거나 작곡에서 색다른 감정을 부여하는 역할을 합니다.","서브미디언트 코드는 주로 부드러운 변화, 전조, 전환 등에 자주 쓰입니다.; 토닉과 유사한 기능을 합니다.; 세븐스코드 기준 vim7으로 표기됩니다.",C Major key에서 A 또는 A 마이너코드,A(라) 음 또는 Am(라도미) 코드가 서브미디언트입니다.,서브미디언트는 곡의 분위기를 부드럽게 바꾸는 용도로 자주 활용됩니다.,스케일; 세븐스 코드,Scale; Seventh Chord
108,101,리딩톤,Leading Tone,VII; vii도; 7도; viim7b5; viiø7,"리딩톤은 스케일의 일곱 번째 음 또는 코드로, 다음에 올 토닉(1도)으로 강하게 진행하려는 성격이 있습니다.","7도 음은 반음만 올라가면 1도(토닉)이 되기 때문에 매우 불안정하고, 자연스럽게 토닉으로 넘어가려는 힘이 있습니다.; 도미넌트와 유사한 기능을 합니다.; 세븐스코드 기준 viim7b5 또는 viiø7로 표기됩니다.",C Major key에서 B 또는 B 디미니시드코드,B(시) 음 또는 Bo(시레파) 코드가 리딩톤 입니다.,리딩톤의 음(7도)은 항상 토닉으로 빨려 들어가듯 해소된다는 점을 기억하세요.; 이끈음의 용어와 비슷하지만 다이아토닉 관점에서 보고있기 때문에 코드를 기억해야합니다.,스케일; 세븐스 코드,Scale; Seventh Chord
109,1,코드펑션을 활용한 작곡,Chord Function Composition,코드기능적 작곡; 코드대체; 편곡; Chord arrange; 코드 어레인지,"코드펑션 작곡은 화성의 기능에 따라 코드들을 분류하고, 동일한 기능을 가진 코드들끼리 서로 대체하여 곡을 만드는 방법입니다.","화성학에서 코드는 일반적으로 기능에 따라 조성 중심(토닉, Tonic), 준비(서브도미넌트, Subdominant), 긴장 및 해결(도미넌트, Dominant) 등으로 나눕니다.; 같은 기능을 가진 코드들은 유사한 역할을 하므로, 서로를 대체해 곡의 분위기를 변화시킬 수 있습니다.; 이 방식은 곡을 편곡하거나, 새로운 코드를 시도할 때 다양성과 창의성을 높여줍니다.",Imaj ⇒ iiim7 또는 vim7,"C메이저 키에서 Cmaj7(Imaj7)은 Em7(iiim7), Am7(vim7)과 중심 기능을 공유하므로, 곡의 특정 부분에서 서로 바꿔 사용해도 자연스럽게 들립니다.","기본 3화음이나 7화음도 대체 가능한 관계를 숙지하면, 자동으로 코드 진행 아이디어가 풍부해집니다.; 단, 멜로디와 코드가 충돌하지 않도록 바꾼 코드의 구성음이 멜로디 음과 어울리는지 항상 귀로 확인해 보아야 합니다.; 곡의 분위기 변화, 즉 미묘한 감정차이를 만들고 싶을 때 코드펑션 대체를 활용하면 좋습니다.",코드펑션; 코드,Chord Function; Chord
110,109,토닉 계열 코드,Tonic Function Chords,토닉; 미디언트; 서브미디언트; Tonic; Mediant; Submediant,"토닉계열의 코드는 곡의 안정을 느끼게 하며, 메이저키 기준 Imaj, iiim7, vim7가 이에 해당합니다.","토닉 계열 코드는 음계의 '근음' 역할을 하며 곡의 시작과 끝, 혹은 안정이 필요한 구간에서 사용됩니다.; 각 코드별로 사용하는 느낌과 색깔이 다르나, 전체적으로 음악에 안정과 균형을 제공합니다.","Cmaj7, Em7, Am7","모두 C 메이저 키에서 조성 중심 기능을 하는 코드들이며, 곡의 멜로디와 하모니의 안정을 만듭니다.",토닉계열의 코드들은 곡의 끝(종지)이나 출발점에 사용하면 자연스러운 흐름을 만듭니다.,코드펑션; 코드,Chord Function; Chord
111,109,서브도미넌트 계열 코드,Subdominant Function Chords,서브도미넌트; 슈퍼토닉; Subdominant; Supertonic;,"서브도미넌트 계열 코드는 긴장감의 중간 상태를 만들며 메이저키 기준 IVmaj7, iim7 가 이에 포함됩니다.",서브도미넌트 계열 코드는 토닉 계열 코드와 도미넌트 계열 코드 사이에서 역할을 하여 곡의 진행감을 살립니다.,"Fmaj7, Dm7",C메이저 키에서 서브도미넌트 역할을 담당합니다.,곡 전개 중 분위기 전환이 필요할 때 사용하기 좋습니다.,코드펑션; 코드,Chord Function; Chord
112,109,도미넌트 계열 코드,Dominant Function Chords,도미넌트; 리딩톤; Dominant; Leading Tone;,"도미넌트 계열 코드는 곡의 긴장과 해소를 유도하는 역할로 메이저키 기준 V7, viim7b5 이 이에 포함됩니다.","도미넌트 계열 코드는 곡 내에서 불안정, 긴장감을 만들어내며, 대부분 다음에 오는 코드에서 안정감을 찾게 만듭니다.; viim7b5는 V7 코드의 일부 성격을 공유하며, 같은 도미넌트 역할을 수행할 수 있습니다.","G7, Bm7b5","V7과 viim7b5 모두 도미넌트 기능을 하며, 진행상 대체가 가능합니다.","종지에서 도미넌트 계열 코드에서 토닉 계열 코드로 전환하면 자연스러운 해결감을 줍니다.; 단, viim7b5의 경우 이끈음이 근음이기 때문에 매우 불안정한 소리가 만들어지므로, 코드 대체시 주의가 필요합니다.",코드펑션; 코드,Chord Function; Chord
113,1,가이드톤,Guide Tone,가이드노트; 핵심음; Guide Note,"가이드톤은 한 코드의 고유한 성격과 기능을 결정지어주는 핵심 음으로, 3도와 7도를 지칭합니다.","이 두 음은 코드가 메이저/마이너 혹은 세븐스 등 어떤 종류인지를 결정짓는 중요한 음입니다.; 예를 들어, C7 코드에서 E(3음)과 Bb(7음)은 이 코드가 단순한 C메이저가 아니라 세븐스 코드임을 구분하게 해줍니다.; 재즈나 즉흥 연주에서 연주의 뼈대를 잡아주며, 베이스와 멜로디 사이에서 조화로운 진행을 만드는 역할을 합니다.",C7 코드의 가이드톤,C7 코드에서 E(장3도)와 Bb(단7도)는 코드의 가장 중요한 성격을 나타내주는 가이드톤입니다.,"코드 보이싱이나 연주 시 가이드톤만을 골라 연주해도 전체적인 화성이 유지됩니다.; 재즈 컴핑이나 아르페지오, 즉흥 연주를 할 때 가이드톤 라인을 따라가면 깔끔하면서도 효과적인 연주가 가능합니다.; 고급 화성학에서 이를 활용한 편곡법도 있습니다.",코드; 상대적 접근법,Chord; Relative Approch
114,1,프라이머리 도미넌트,Primary dominant,기준도미넌트코드; 조성내 도미넌트코드; 도미넌트코드 ,"프라이머리 도미넌트는 곡의 조성에서 가장 기본이 되는 도미넌트 코드로, 5도의 위치에 있으며 토닉(으뜸화음)으로 강하게 해결되는 역할을 합니다.","프라이머리 도미넌트는 한 조의 핵심 긴장–해결 구조에서 해결점(토닉) 직전에 위치한 가장 기본적인 5도 코드를 의미합니다.; 주 조성(key)의 5번째 음을 근음으로 하는 7화음이 대표적이며, 예를 들어 C메이저의 경우 G7(V7)이 프라이머리 도미넌트입니다.; 프라이머리 도미넌트는 조성에서 한개밖에 존재하지 않습니다.",C Major key에서 G7,"C메이저 키에서는 5번째 음인 G를 근음으로 하는 G7 코드가 프라이머리 도미넌트 역할을 하며, C(토닉)으로 해소됩니다.","프라이머리 도미넌트는 반드시 주어진 조성의 5도 코드임을 기억하고, 토닉으로 자연스럽게 연결해보세요.; 이 성질을 이용하여, 중급화성학에서 논다이아토닉에 대한 개념을 이해할 수 있습니다.",다이아토닉,Diatonic
115,,중급 화성학,Intermediate Harmony,중급 단계 화성학; 중급 화성 이론,"중급 화성학은 기본 다이아토닉 코드와 코드 기능을 넘어, 곡의 색채와 긴장감을 확장하는 다양한 화성 조화 기법을 배우는 단계입니다.","기초 화성학에서는 주로 다이어토닉 코드와 코드 기능을 배우지만, 중급 단계에서는 세컨더리 도미넌트, 릴레이티드 투 마이너, 트라이톤 서브스티튜션, 텐션 등 논다이어토닉(Nondiatonic) 음과 복잡한 변화를 다룹니다.",C메이저 곡에서 D7(세컨더리 도미넌트),C 메이저키에서 D7을 삽입하여 잠시 G메이저처럼 느끼게 만든 뒤 G7(도미넌트)로 연결할 수 있습니다.,"새로운 코드를 사용할 때는 해당 코드의 기능, 해결 방향, 멜로디와의 어울림을 꼭 확인하세요.; 각 기법은 곡 전체의 분위기와 조성에 큰 영향을 주므로, 남용하지 않고 적절히 배치하는 것이 중요합니다.",초급 화성학,Elementary Harmony
116,1,세컨더리 도미넌트,Secondary Dominant,부7화음; 세컨더리; S.D,"세컨더리 도미넌트는 현재 조성의 프라이머리 도미넌트(기본 도미넌트) 이외의 다이어토닉 코드 각각에 임시로 적용되는 도미넌트 코드로, 일시적으로 조성이 변한 것처럼 강한 해결감을 부여합니다.","세컨더리 도미넌트는 'V of~' 또는 'V7/대상코드'의 형식으로 표현되며, 조성의 기본 도미넌트(V7)가 아닌 다른 다이어토닉 코드에 위치한 프라이머리 도미넌트를 임시로 사용하여 V-I의 해결감의 원리를 이용한 이론입니다.; 이를 통해 다양한 색채와 긴장, 예기치 못한 해결감을 연출할 수 있습니다.; 예를 들어 C 메이저키 에서 D7(V7/V(G 메이저 키의 프라이머리 도미넌트))은 G(C 메이저 키의 프라이머리 도미넌트)로의 해결을 유도하므로, G 코드가 마치 일시적으로 곡의 중심이 된 것 같은 효과를 냅니다.; 하지만 모든 다이어토닉 코드에 세컨더리 도미넌트를 사용할 수 있는 것은 아니며, iim7,  iiim7, vim7, V7에는 적용이 가능하지만, viim7b5의 경우 적용이 제한적입니다. 왜냐하면, vii(B음)의 5도(도미넌트)는 #IV(F#)음이기 때문에, 다이아토닉 내에 존재하지 않으므로 세컨더리도미넌트라고 할 수 없습니다.",D7(V7/V) in C major key,"C메이저에서 D7 코드를 사용하는 것은, G(프라이머리 도미넌트) 코드로 강력하게 해결시키려는 의도이며, D7-G7-C로 이어지는 진행에서 바로 확인할 수 있습니다.","프라이머리 도미넌트(V7)를 비롯한 도미넌트 계열 외에는 대상 코드의 다이어토닉내의 음이 존재하는지 여부, 특성을 고려해 사용 여부를 판단하세요.; 용법이 확실히 익숙해지면 다양한 곡에 독특한 분위기와 확장성을 부여할 수 있습니다.",프라이머리 도미넌트; 코드펑션; 다이아토닉,Primary dominant; Chord Function; 다이아토닉
117,1,릴레이티드 투 마이너,Related ii minor,릴레이티드; Related; Related ii-V; 듀얼펑션; Dual Function,"릴레이티드 투 마이너는 세컨더리 도미넌트(V7 of X) 코드 앞에 그 도미넌트가 해결될 화음의 ii 마이너 코드를 미리 배치하여, 임시적으로 ii-V 진행을 만드는 화성 기법입니다.","이 기법은 5도 세컨더리 도미넌트(V7 of X) 진행을 좀 더 부드럽고 풍성하게 만들기 위해, 대상 코드(X)의 ii마이너를 그 앞에 함께 두는 방식입니다.; 이렇게 쪼갠 형태를 'ii-V'라고 부르며, 세컨더리 도미넌트와 거의 붙어서 등장하는 것이 일반적입니다.; 릴레이티드 투 마이너 패턴은 다이아토닉(조성 안)에서도, 논다이아토닉(조성 밖)에서도 모두 사용될 수 있어서, 듀얼 펑션(Dual Function) 진행이라고도 부릅니다.; 이 패턴은 재즈, 팝, R&B 등에서 흔히 사용되며, 코드 진행의 유연성과 색채를 크게 높여줍니다.",F#m7(b5)-B7-Em7,F#m7b5(논다이아토닉)이 B7(세컨더리 도미넌트)와 함께 Em7(III)로 해결되는 전형적 논다이아토닉 릴레이티드 투 마이너 예시입니다,"릴레이티드 투 마이너 ii-V는 꼭 외우지 않아도 다이어토닉과 논다이아토닉 모두에서 자연스럽게 들릴 수 있습니다.; 세컨더리 도미넌트(V7) 앞에 대상 코드의 ii마이너가 따라붙는 것을 발견하면, 이론적으로 분석해보고 실전에서 자주 연주하면서 감각을 익혀 보세요.; 재즈에서는 이런 패턴을 의도적으로 변형하거나 확장해 즉흥 연주에 다양하게 활용합니다.",세컨더리 도미넌트; 다이아토닉,Secondary Dominant; Diatonic
118,1,트라이톤 서브스티튜션,Tritone Substitution,트라이톤 대리; 증4도 대리화음; Tritone sub; T.S,트라이톤 서브스티튜션은 도미넌트 7화음(V7)의 루트에서 트라이톤(증4도/감5도) 떨어진 위치의 또 다른 도미넌트 7화음으로 대체하는 화성 기법입니다.,"V7 코드의 3도와 b7도 음정(가이드톤)은 트라이톤 간격을 이루며, 이 두 음이 트라이톤 서브스티튜션 코드(♭II7)에서도 동일하게 등장합니다.; 이러한 음정의 유사성 때문에 트라이톤 관계에 있는 두 도미넌트 7코드는 다른 근음을 가지지만 비슷한 긴장감을 지니므로, 진행상 자연스럽게 서로 대체할 수 있습니다.; 예를 들어, G7(솔-시-레-파) 대신 Db7(레b-파-라b-도b)을 사용하면, 3음(B)와 b7음(F)가 Db7의 b7음(Cb= B)와 3음(F)로 겹쳐 동일한 핵심 긴장감을 만듭니다.",Dm7 → Db7 → Cmaj7,"C메이저 조성에서 V7(G7) 대신 bII7(Db7)으로 대체하여, Db7 → Cmaj7의 반음 하행 베이스 이동과 재즈적인 해결감을 경험할 수 있습니다.","트라이톤 서브스티튜션을 사용할 때 멜로디와 텐션의 충돌 여부에 유의해야 하며, 특히 코드 구성음이 달라질 수 있는 점을 귀로 확인하세요.; 서브스티튜션한 코드는 일반적으로 원래 도미넌트처럼 토닉(으뜸음)으로 해결해야 가장 자연스럽게 들립니다.; 이를 ii-V 진행과 결합한다면 일시적으로 큰 조성의 변화가 안정적이게 느껴집니다.",도미넌트; 도미넌트세븐코드; 가이드톤,Dominant; Dominant7 Chord; Guide Tone
119,1,익스텐디드 도미넌트,Extended Dominant,연쇄 도미넌트; Chain Dominant; 확장 도미넌트,"익스텐디드 도미넌트는 한 코드로 바로 해결하지 않고, 두 개 이상의 도미넌트 7화음을 5도씩 연결하며 마지막에 원하는 목표 코드(주로 토닉)로 해결하는 진행을 의미합니다.","익스텐디드 도미넌트에서는 도미넌트 코드(V7)가 반복적으로 연달아 등장하는데, 각 도미넌트가 다음 도미넌트의 5도 위에 배치되어 있습니다.; 이런 식의 도미넌트 연쇄는 음악을 임시 전조시키는 듯한 긴장과 기대를 쌓아 올리며, 마지막에 도달하는 토닉 코드에서 강한 해소감을 줍니다.; 예를 들어, C로 귀결시키기 위해 E7-A7-D7-G7-C와 같이 연달아 5도씩 내리면서 도미넌트를 쌓는 진행을 익스텐디드 도미넌트라고 부릅니다.",B7-E7-A7-D7-G7-Cmaj7,"C로 진행하는 여러 개의 도미넌트를 연결한 예시입니다. 각 V7 코드는 다음 코드로 5도 하행하며, 마지막에 Cmaj7에 도달해 긴장을 해소합니다","익스텐디드 도미넌트는 곡에 극적인 긴장감과 화성적 다양성을 줄 때 효과적입니다.; 연속되는 도미넌트의 배치에 따라 곡의 분위기가 빠르게 변화할 수 있으므로, 진행의 전체적인 맥락을 고려해 사용해야 합니다.; 목표 코드에 도달하지 않고 멈추거나, 예상과 다른 곳으로 해결하면 재즈풍의 의외성과 변화를 연출할 수도 있습니다.",세컨더리 도미넌트; 5도권,Secondary Dominant; Circle of Fifths
120,1,텐션,Tension,확장음; 텐션 노트; 텐션 코드; 텐션 음; Tension Chord,"텐션은 코드의 기본 구성음(1, 3, 5, 7)이 아닌, 코드에 추가되어 화성의 색채와 긴장감을 더해주는 9도, 11도, 13도 등 확장음을 뜻합니다.","텐션은 코드의 복잡성과 풍성함을 높여 주는 음으로, 기본 4화음 위에 쌓이거나 사용되는 장식적·확장적 역할을 합니다.; 텐션은 코드의 종류(메이저, 마이너, 도미넌트 등)에 따라 허용되는 음과 금지되는 음이 다르며, 특정 텐션은 코드의 기능이나 분위기를 극적으로 바꿀 수 있습니다.; 재즈, 팝, R&B, 퓨전 등 현대곡에서 텐션은 필수적 요소로 사용되어 더욱 섬세하고 컬러풀한 하모니를 만듭니다.; C major scale 기준 8음(높은 도) 이상부터 9음(레) 11음(파) 13음(라)로 되어있습니다. 이는 샾과 플랫을 사용하여 변형이 가능합니다.",Cmaj7(9),Cmaj7 코드(도-미-솔-시)에 9음(레)을 추가하여 풍부하고 시원한 사운드를 만들어냅니다.,"텐션을 넣을 때는 멜로디와의 충돌, 불협화음을 항상 귀로 확인하는 습관을 들이세요.; 코드의 종류(예: Maj7, m7, 7)에 따라 사용 가능한 텐션이 다르니 관련 표나 규칙을 참고하면 도움이 됩니다.; 과도한 텐션 사용은 곡의 이미지를 흐릴 수 있으므로 곡 분위기에 어울리게 선택하는 것이 중요합니다.",세븐스 코드,Seventh Chord
121,120,메이저세븐코드에서 사용 가능한 텐션,Tensions Available on Major 7th Chords,Maj7 텐션; 메이저세븐 텐션,"메이저세븐코드에서 사용 가능한 텐션으로는 9, #11, 13이 대표적이며, 이들은 코드의 기본음 위에 추가되어 더욱 풍성하고 색채감 있는 사운드를 만들어줍니다.","메이저세븐코드는 1, 3, 5, 7음으로 이루어진 기본 4화음입니다.; 여기에 텐션을 더함으로써 조화로운 확장음을 만들어 낼 수 있고, 각 텐션은 독특한 분위기와 색깔을 더해줍니다.; 이 세 가지 텐션(9, #11, 13)은 주로 Cmaj7(9, #11, 13) 등과 같이 명시적으로 표기하며, 모두 동시에 또는 일부만 활용할 수도 있습니다.; ",Cmaj7(#11),Cmaj7 코드(도-미-솔-시)에 F#(#11)를 추가하면 신비롭고 밝은 분위기가 강조됩니다.,"메이저세븐 코드에는 b9, #9, b13 등 강한 불협화 텐션은 사용하지 않습니다.; 단 특별한 의도로 사용되는 경우에는 일시적으로 허용될 수 있습니다.",세븐스 코드,Seventh Chord
122,120,마이너세븐코드에서 사용 가능한 텐션,Tensions Available on Minor 7th Chords,m7 텐션; 마이너세븐 텐션,"마이너세븐코드에서 사용 가능한 텐션으로는 9, 11, 13 텐션이 사용 가능합니다. 텐션을 추가하면 대부분의 곡에서 감성적이면서도 풍부한 색채감을 더할 수 있습니다.","마이너세븐코드는 1, b3, 5, b7음으로 이루어진 기본 4화음입니다.; 여기에 텐션을 더함으로써 조화로운 확장음을 만들어 낼 수 있고, 각 텐션은 독특한 분위기와 색깔을 더해줍니다.; 이 세 가지 텐션(9, 11, 13)은 주로 Dm7(9, 11, 13) 등과 같이 명시적으로 표기하며, 모두 동시에 또는 일부만 활용할 수도 있습니다.; ",Cm7(11),Cm7 코드(도-미b-솔-시b)에 11(파)을 더해 차분하며 몽환적인 분위기를 연출할 수 있습니다.,"마이너세븐코드에서 b9, #11, b13 등은 보통 사용하지 않으나, 특정 모드(예: 도리안, 프리지안 등)에서 가능할 수 있습니다.",세븐스 코드,Seventh Chord
123,120,도미넌트세븐코드에서 사용 가능한 텐션,Tensions Available on Dominant 7th Chords,7 텐션; 도미넌트세븐 텐션,"도미넌트세븐코드는 9, b9, #9, 11, #11, 13, b13 등 거의 모든 종류의 텐션을 자유롭게 적용할 수 있습니다.","도미넌트세븐코드는 화음 내 불안정하고 긴장감 있는 특성 덕분에 텐션을 많이 쌓아도 조화롭게 들리는 특징이 있습니다.; 특히 b9, #9, #11, b13 등은 도미넌트 코드에만 특징적으로 사용되며, 재즈/블루스/팝 등 다채로운 분위기를 연출합니다.; 코드 기호에는 예를 들어 G7(b9, #9, 13)과 같이 여러 텐션을 중복 표기할 수 있습니다.","G7(b9,#9,13)","G7코드(솔-시-레-파)에 b9(라b), #9(라#), 13(미)를 모두 더하면 재즈적이고 강렬한 긴장이 생깁니다.","도미넌트세븐코드에는 거의 모든 텐션이 허용되나, 동시에 여러 텐션을 쌓을 땐 멜로디와의 충돌을 항상 확인해야 합니다.; 긴장감이 더 세질수록 다음 화음(토닉)으로의 해결이나 감정 변화가 더 극적으로 느껴집니다.",세븐스 코드,Seventh Chord
124,,고급 화성학,Advanced Harmony,고급 화성 이론; Advanced Chord Theory,"고급 화성학은 전통적인 다이어토닉 중심의 화성학을 넘어, 복잡하고 창의적인 화성 구조, 현대적 화성 기법과 체계적인 확장 기법을 다루는 단계입니다.","고급 화성학에서는 더 이상 단순한 다이어토닉 혹은 세컨더리 코드에 머무르지 않고, 모달 인터체인지, 모드스케일, 대리화성, Upper Structure triad, 폴리코드, 비화성음의 체계적 활용 등 확장적 기법을 폭넓게 탐구합니다.",Upper Structure Triad,"C7 코드 위에 D메이저 트라이어드(9, #11, 13 포함)를 쌓아 다양한 텐션과 어퍼 스트럭처를 활용합니다.",고급 화성학 이론은 상황에 맞는 '감상적 판단'과 '귀로 듣는 확인'이 반드시 병행되어야 진정한 음악적 힘이 나타납니다.; 복잡한 텐션이나 폴리코드처럼 서로 다른 음 사이의 충돌·배치·해소를 귀로 자주 연습하여 현대적 컨셉을 익혀보세요.,중급 화성학,Intermediate Harmony
125,1,고급 스케일,Advanced Scales,심화 스케일; 모드스케일; 비다이어토닉 스케일,"고급화성학에서의 스케일과정은 메이저·마이너 중심의 기본 음계에서 확장된, 보다 복잡하고 독특한 음정 구조를 지닌 다양한 스케일을 포괄하는 용어입니다. 이들 스케일은 현대적·실험적 음악이나 재즈, 퓨전 등에서 색채감, 긴장감, 독창성을 부여하기 위해 사용됩니다.","고급 스케일에서는 전통 조성음악을 넘어서는 음계들(모드, 블루스, 펜타토닉, 홀톤, 디미니쉬드, 얼터드, 크로매틱 등)이 포함되어, 특정 코드·화성·즉흥 연주에서 개성 있는 색채와 분위기를 만듭니다.; 각 스케일은 음정 배열, 포함된 음의 개수, 특징적 텐션 등이 고유하여, 기본 스케일로는 표현하기 어려운 미묘하거나 파격적인 음악적 효과를 얻을 수 있습니다.; 곡, 편곡, 애드립, 솔로 등 많은 음악 실전에서 이들 스케일은 음악적 상상력을 넓히는 열쇠로 작용합니다.",홀톤 스케일,"온음-온음으로만 이루어진 6음 스케일로, 몽환적이면서 현대적인 사운드를 연출합니다.","애드립, 재즈, 영화음악 등에서 활용하면 음악에 깊은 개성과 색다른 긴장감을 줄 수 있습니다.; 복잡한 구조 때문에 처음엔 낯설 수 있지만, 여러 번 사용해보면 자연스럽게 귀에 익힐 수 있습니다.",스케일,Scale
126,125,마이너 블루스 스케일,Minor Blues Scale,블루스 마이너 스케일; 블루스 단음계,"마이너 블루스 스케일은 마이너 펜타토닉 스케일에 블루 노트(감5도 또는 증4도)를 추가하여, 블루스 특유의 슬픔·그루브·독특한 긴장감을 표현하는 6음 스케일입니다.","마이너 펜타토닉(1, b3, 4, 5, b7)에 감5도(또는 #4)를 더해 1, b3, 4, #4(혹은 b5), 5, b7로 구성됩니다.; 이 스케일의 핵심 특징은 4도와 5도 사이에 위치한 블루 노트(b5)로, 즉흥 연주나 솔로에서 블루지하면서도 독특한 감정을 만듭니다.; 블루스, 락, 재즈, 팝 등 다양한 스타일에서 멜로디와 애드립의 소재로 매우 자주 사용됩니다.",A 마이너 블루스 스케일,"A, C, D, D#, E, G로 구성됩니다. 여기서 D#(혹은 Eb)가 블루 노트(감5도) 역할을 합니다.",블루 노트(감5도)는 잠깐씩 빠르게 지나는 식으로 연주하면 전형적 블루스 뉘앙스가 잘 살아납니다.; 마이너 블루스 스케일은 마이너 코드뿐 아니라 다양한 코드 진행 위에서도 자유롭게 쓸 수 있어 실용적입니다.,마이너 펜타토닉 스케일,Minor Pentatonic Scale
127,125,메이저 블루스 스케일,Major Blues Scale,블루스 메이저 스케일; 블루스 장음계,"메이저 블루스 스케일은 메이저 펜타토닉 스케일에 블루 노트(감3도, b3)를 추가하여, 밝으면서도 독특한 블루스 느낌과 어울림을 동시에 갖는 6음 스케일입니다.","메이저 펜타토닉(1, 2, 3, 5, 6)에 감3도(b3)를 더해 1, 2, b3, 3, 5, 6의 음으로 구성됩니다.; 기서 b3(감3도)는 장3도(3)와의 미세한 긴장감을 만들어내며, 고전 블루스와 락, 팝의 솔로에서 서정적이면서도 블루스적인 사운드를 연출할 수 있습니다.; 이 스케일은 메이저 코드 위에서 사용 시 밝으면서도 블루지한 느낌을 동시에 낼 수 있어 독특한 분위기를 만듭니다.",C 메이저 블루스 스케일,"C, D, D#, E, G, A로 이루어져 있으며, D#(Eb)가 블루 노트(b3) 역할을 합니다.","블루 노트(b3)는 솔로나 멜로디에서 미끄러지듯 연주하면 정말 블루스다운 느낌이 살아납니다.; 메이저 블루스 스케일을 통해 밝으면서도 슬픈, 두 가지 정서가 공존하는 블루지한 멜로디를 만들 수 있습니다.; 애드립이나 작곡 시 메이저 펜타토닉 위주의 라인에 블루 노트 한 음만 더해도 바로 블루스 특유의 컬러가 살아납니다.",메이저 펜타토닉 스케일,Major Pentatonic Scale
128,125,마이너 펜타토닉 스케일,Minor Pentatonic Scale,펜타토닉 마이너; Minor Pentatonic,"마이너 펜타토닉 스케일은 오직 5개의 음(1, b3, 4, 5, b7)으로 이루어진 단순하면서도 강렬한 소리를 내는 마이너 계열의 기본 음계입니다.","1도(근음), b3도(단3도), 4도, 5도, b7도(단7도)로 구성되어 있기 때문에 불협화음이 적고, 멜로디와 즉흥연주에 적합하며 다양한 장르에서 널리 사용됩니다.; 단순한 구조 덕분에 초보자도 쉽게 접근할 수 있고, 락, 블루스, 재즈, 팝 등 많은 음악 스타일에서 필수적으로 쓰입니다.",A 마이너 펜타토닉 스케일,"A(라), C(도), D(레), E(미), G(솔)로 구성되어 있습니다.","마이너 펜타토닉 스케일만 잘 익혀도 블루스, 록 기타 솔로나 베이스 라인 등에서 매우 효과적으로 활용할 수 있습니다.; 기본 펜타토닉 라인에 블루 노트(b5)를 더하면 마이너 블루스 스케일로 확장할 수 있습니다.",스케일,Scale
129,125,메이저 펜타토닉 스케일,Major Pentatonic Scale,펜타토닉 메이저; Major Pentatonic,"메이저 펜타토닉 스케일은 메이저 스케일의 5개 기본음을 골라 구성된 음계로, 밝고 부드러운 사운드를 지니며 전 세계 거의 모든 민요와 팝, 록 등 다양한 장르에 널리 쓰입니다.","메이저 스케일(1, 2, 3, 4, 5, 6, 7)에서 4도와 7도를 제외한 1, 2, 3, 5, 6으로 구성됩니다.; 이 스케일은 불협화음이 거의 없고, 멜로디와 즉흥 연주, 동요, 포크, 록, 재즈 등에서 매끄럽고 따스한 느낌의 선율을 만듭니다.; 간결한 5음 구조로 형식에 구애받지 않고 즉흥적으로 다양한 음악적 아이디어를 펼칠 수 있습니다.",C 메이저 펜타토닉 스케일,"C(도), D(레), E(미), G(솔), A(라) 다섯 개 음으로 이루어져 있습니다.",짧은 프레이즈나 테마를 만들 때 혹은 동요·민요 등에서 많이 사용되는 패턴이니 꼭 익혀두면 여러 방면에 활용이 가능합니다.; 메이저 펜타토닉은 애드립이나 작곡 시 밝고 친근한 느낌을 내고 싶을 때 유용합니다.; 대표적으로 아리랑 곡이 있습니다. 피아노의 검은건반만으로도 연주 할 수 있습니다.,스케일,Scale
130,125,하프-홀 디미니시드 스케일,Half-Whole Diminished Scale,반음-온음 디미니시드 스케일; Half-Whole Scale; Half-Whole Diminished Scale,하프-홀 디미니시드 스케일은 반음-온음 순으로 교차하여 진행되는 8음 구조의 대칭형 스케일입니다.,"반음(Half Step)과 온음(Whole Step)이 번갈아가며 반복되어 구성된 스케일로, 시작 음에서 반음 올라가고 그다음엔 온음, 다시 반음, 온음... 식으로 진행됩니다.; 이 스케일은 한 옥타브에 8개의 음을 포함해 대칭성을 가집니다.",C 하프-홀 디미니시드 스케일,"C, Db, Eb, E, F#, G, A, Bb의 8음으로 이루어집니다. 첫 음(C)부터 반음-온음-반음-온음... 구조로 나아갑니다.","패턴 연주에 익숙해지면, 복잡한 솔로나 불협화음적 긴장감이 필요한 부분에서 효과적으로 쓸 수 있습니다.; 8개 음의 대칭적 구조 덕분에 같은 패턴과 모양을 옥타브마다 반복적으로 사용할 수 있습니다.; 디미니시드세븐코드와 같이 3개(C,C#,D)만 존재합니다.",스케일; 디미니시드세븐코드,Scale; Diminished7 Chord
131,125,홀-하프 디미니시드 스케일,Whole-Half Diminished Scale,온음-반음 디미니시드 스케일; Whole-Half Scale; Whole-Half Diminished Scale,"홀-하프 디미니시드 스케일은 온음-반음 순으로 교차하면서 배열된 8음 구조의 대칭 음계로, 디미니시드7(감7) 코드 위에서 주로 사용되며, 미스터리하면서도 불협화음적인 색채를 더해줍니다.","온음(Whole Step)과 반음(Half Step)이 번갈아 반복되며, 시작 음에서 온음, 다음에는 반음, 다시 온음, 반음... 순서로 진행됩니다.; 이 8음 스케일은 그 대칭성으로 인해 한 옥타브에 항상 같은 구조와 패턴이 유지됩니다.",C 홀-하프 디미니시드 스케일,"C, D, Eb, F, Gb, Ab, A, B의 8음으로 이뤄져 있으며, 처음부터 온음-반음-온음 구조로 이어집니다.","홀-하프 디미니시드 스케일은 C°7, E°7 등 디미니시드7 코드, 혹은 디미니시드 코드가 등장하는 부분에 특히 효과적입니다.; 스케일 전체가 반복 패턴이기 때문에 구성음과 운지 패턴을 외우면 어떤 키로도 쉽게 적용할 수 있습니다.; 디미니시드세븐코드와 같이 3개(C,C#,D)만 존재합니다.",스케일; 디미니시드세븐코드,Scale; Diminished7 Chord
132,125,홀톤 스케일,Whole Tone Scale,온음스케일; Whole-tone Scale; 온음계,"홀톤 스케일은 모든 음이 온음 간격으로 배열된 6음 음계로, 독특하게 부유하고 몽환적인 분위기와 불확정적인 느낌을 연출하는 대칭형 스케일입니다.","홀톤 스케일은 한 옥타브를 온음(whole step)씩만 이동하여 6개의 음으로 채운 음계입니다.; 반음 이하의 작은 간격이 없어 특유의 뚜렷하지 않은 중심성과 미래적인, 신비로운 성격을 가집니다.; C에서 시작할 경우 C, D, E, F#, G#, A#로 구성되고, 어떤 음에서 시작해도 동일한 구조로 만들어집니다.",C 홀톤 스케일,"C, D, E, F#, G#, A#의 6음으로 이루어지며, 음과 음의 간격은 모두 온음입니다",홀톤 스케일은 해결지점이 모호하기 때문에 긴장감이나 떠도는 느낌을 강조하고 싶을 때 사용하면 좋습니다.; 재즈에서는 7#5(aug7) 등 증화음 코드와 함께 많이 사용됩니다.,,
133,125,어그멘티드 스케일,Augmented Scale,Augmented Hexatonic Scale; 증음계; 증6음계; Augmented Hexatonic,"어그멘티드 스케일은 증2도와 반음이 번갈아 나타나는 6음 구성의 대칭 스케일로, 미래적이거나 신비로운 사운드, 독특한 긴장감을 만들어내는 데 사용됩니다.","어그멘티드 스케일은 증2도(Aug2)와 반음(Semitone)이 교대로 반복되어 형성됩니다.; Ex) C에서 시작 : C(근음) – D#(증2도) – E(반음) – G(증2도) – G#(반음) – B(증2도), 그리고 다시 C로 진행됩니다.; 이 규칙적인 특성은, C+코드와 D#+코드의 조합(트라이어드)입니다.; 'C+와 D#+', 'C#+와 F+', 'D+와 F#+', 'D#+와 G+' 이렇게 네 종류가 있습니다.; 언급한 이외의 조합의 경우에는 규칙적인 특성이 아니기에 어그멘티드 스케일이라고 할 수 없습니다.",C 어그멘티드 스케일,"C, D#, E, G, G#, B의 6개 음으로 구성되어 증2도-반음-증2도-반음 패턴이 반복됩니다.","어그멘티드 스케일을 연주할 때는 대칭성과 반복성을 이해하면 즉흥적인 라인이나 독특한 멜로디를 쉽게 진행할 수 있습니다.; 어그멘티드 코드나 어그멘티드7(7#5) 코드와 어우러질 때 독특한 색채를 가장 잘 느낄 수 있습니다.; 익숙하지 않은 모드이니, 3음씩 묶어서 어그멘티드 코드로 분리 한 후 아르페지오로 연습하면 음 간격과 패턴을 체화하는 데 도움이 됩니다.",음정,Interval
134,125,메이저 비밥 스케일,Major Bebop Scale,메이저 비밥 음계; Major Bebop,"메이저 비밥 스케일은 메이저 스케일에 반음(크로매틱) 음을 하나 추가하여 8음으로 구성한 음계로, 즉흥 연주시 다운비트에 코드톤이 자연스럽게 배치되도록 설계된 재즈 음계입니다.","일반적인 7음의 메이저 스케일을 그대로 4/4 박자에 4분음표로 연주하면, 매 다운비트(1, 2, 3, 4박)에 코드톤이 항상 오지 않고 때로는 논코드톤이 오게 됩니다.; 즉흥연주에서는 매 다운비트에 코드톤(1도, 3도, 5도, 7도)이 오면 안정감이 있고, 라인의 흐름이 자연스러워집니다.; 메이저 비밥 스케일은 5도(G)와 6도(A) 사이에 G#(혹은 Ab, 논코드톤)을 추가하여 8음이 되도록 만듭니다.; 이렇게 8음이 되면 4/4 마디에서 8분음표 기준으로 한 마디를 채울 때, 항상 짝수 비트(다운비트)에 코드톤이 정확히 오게 되는 구조입니다.; 스케일 구조상 Cmaj7코드에서 주로 사용합니다.",C 메이저 비밥 스케일,"C, D, E, F, G, G#, A, B, C로 구성됩니다. G와 A 사이에 G#이 추가되어 있습니다.","비밥 스케일의 가장 중요한 목적은 다운비트에 코드톤이 오도록 만드는 것입니다.; 즉흥연주 연습 시 8분음표로 한 마디를 정확히 채우며 코드톤이 언제나 강박에 오도록 훈련하세요.; 스윙 리듬, 재즈 스타일 곡에서 코드톤 중심의 라인을 만들 때 매우 효과적입니다.",스케일,Scale
135,125,마이너 비밥 스케일,Minor Bebop Scale,마이너 비밥 음계; Minor Bebop,"마이너 비밥 스케일은 마이너 스케일에 반음(크로매틱) 음을 추가하여 총 8음이 되도록 구성한 음계로, 재즈 등에서 즉흥 연주 시 다운비트에 코드톤이 자연스럽게 배치되도록 설계된 음계입니다.","일반적인 마이너 스케일은 7음으로 이루어져 있어 4/4 박자의 한 마디에 4분음표 혹은 8분음표로 사용할 때 항상 코드톤이 다운비트에 오지 않을 수 있습니다.; 마이너 비밥 스케일은 이 문제를 해결하기 위해 마이너 스케일에 추가적인 반음을 넣어 총 8음이 되도록 만듭니다.; 이렇게 함으로써 한 마디의 8분음표 전개 시 짝수 박(다운비트)에 코드톤(예: 1, 3, 5, 7도)이 규칙적으로 오도록 하여 라인의 안정성과 코드 감각을 확보할 수 있습니다.; 스케일 구조상 Cm6코드에서 주로 사용합니다.",C 마이너 비밥 스케일,"C, D, Eb, F, G, Ab, A, Bb, C로 구성됩니다. Ab(내림6도)와 A(장6도)를 모두 포함하고 있어, Ab와 A 사이 또는 Bb 사이에 반음이 추가된 형태가 됩니다.","비밥 스케일의 가장 중요한 목적은 다운비트에 코드톤이 오도록 만드는 것입니다.; 즉흥연주 연습 시 8분음표로 한 마디를 정확히 채우며 코드톤이 언제나 강박에 오도록 훈련하세요.; 스윙 리듬, 재즈 스타일 곡에서 코드톤 중심의 라인을 만들 때 매우 효과적입니다.",스케일,Scale
136,125,도미넌트 비밥 스케일,Dominant Bebop Scale,도미넌트 비밥 음계; Dominant Bebop,"도미넌트 비밥 스케일은 믹솔리디안 스케일(도미넌트 7음계)에 반음을 추가해 8음으로 만든 재즈 음계로, 즉흥 연주시 박자에 맞춰 코드톤이 다운비트에 올 수 있도록 설계된 음계입니다.","일반적인 도미넌트 스케일(믹솔리디안)은 7음으로 구성되어 있어 4/4박자 기준 8분음표로 한 마디에 돌려 연주할 때 코드톤이 항상 다운비트에 오지 않을 수 있습니다.; 도미넌트 비밥 스케일은 7도(Bb)와 1도(C) 사이에 7(#7, 즉 B natural)을 추가해 총 8음으로 만듭니다.; 이렇게 8음으로 만들면, 한 마디를 8분음표로 채워도 짝수 박(다운비트)에 코드톤(1, 3, 5, b7)이 정확하게 배치되어 재즈 라인이 안정적으로 들립니다.",C 도미넌트 비밥 스케일,"C, D, E, F, G, A, Bb, B, C로 구성됩니다. 믹솔리디안(C, D, E, F, G, A, Bb, C)에 B(장7도)음을 추가한 것입니다.","비밥 스케일의 가장 중요한 목적은 다운비트에 코드톤이 오도록 만드는 것입니다.; 즉흥연주 연습 시 8분음표로 한 마디를 정확히 채우며 코드톤이 언제나 강박에 오도록 훈련하세요.; 스윙 리듬, 재즈 스타일 곡에서 코드톤 중심의 라인을 만들 때 매우 효과적입니다.",스케일,Scale
137,1,모드,Mode,선법; 모달 스케일; 모드 스케일; Mode Scale; Modal Scale,모드는 음악에서 음계의 특정한 배열이나 음들의 질서 및 그에 따른 독특한 분위기 또는 성격을 나타내는 체계입니다.,"모드는 음계를 조직화하는 한 가지 방식을 의미하며, 해당 음계의 각 계이름(음도)에서 출발할 때 마다 고유한 성격과 분위기를 갖게 됩니다.; 고대 그리스 음계에서 비롯되어 중세와 르네상스 시대에는 교회 음악의 핵심 요소로 사용되었습니다.; 메이저와 마이너 스케일도 모드의 하위개념이며, 그 외에도 아이오니안, 도리안, 프리지안 등 일곱 가지 대표적 모드가 자주 사용됩니다.; 각 모드는 중심음(토닉)과 다른 음 사이의 음정 구조에 따라 경쾌함, 어두움, 신비로움 등 다양한 음악적 분위기를 만들어 냅니다.; 현대 음악, 특히 재즈, 록, 영화음악 등에서 모드의 활용이 다양하게 확장되어 있습니다.; 기본적으로 다이아토닉 메이저스케일 기반에서의 모드는 메이저계열(아이오니안,리디안,믹솔리디안)과 마이너계열(도리안,프리지안,에올리안,로크리안)으로 나뉘는데 이는 구성음에서 3음에 따라서 구분이 됩니다.",조성 음악에서의 메이저/마이너 스케일,"메이저(장조)는 아이오니안 모드, 마이너(단조)는 에올리안 모드로 볼 수 있습니다. 각각의 모드 특유의 음정 배열과 분위기를 지니는 사례입니다.","모드는 곡에 독특한 성격을 부여하는 중요한 재료이므로, 각 모드의 음정차이와 느낌을 체험하며 익혀보는 것이 좋습니다.; 메이저/마이너 외의 모드들도 자주 들어보고, 고유의 분위기를 귀로 체득하는 것이 모드 이해에 도움이 됩니다.; 모드스케일부터는 캐릭터노트, 이론적 사용법 등 연계지어 학습해야 하는 부분이 있기에 텐션에 대해서 필수적으로 이해하고 있어야하며, 이에대해서 '2,4,6음'을 '9,11,13음'으로 대체하여 설명합니다.",스케일; 음정; 텐션,Scale; Interval; Tension
138,137,아이오니안,Ionian,아이오니안모드; 아이오니안스케일; Ionian Mode; Ionian Scale; 메이저스케일; Major Scale,아이오니안 모드는 현대 음악에서 메이저 스케일이라 불리는 가장 기본적이고 밝은 성격의 7음 음계입니다.,"아이오니안 모드는 C음을 기준으로 피아노의 하얀 건반만을 순서대로 연주할 때 나오는 음계로, 도레미파솔라시(도)의 순서입니다.; 구성음은 1-9-3-11-5-13-7이며, 메이저스케일과 구성음이 같습니다.; 특징음(캐릭터노트)는 4음(11음) 혹은 7음인데 주가 되는 캐릭터노트가 아닌, 다른 스케일과 비교하기 위한 부차적인 캐릭터노트로 활용됩니다.",C 아이오니안 모드,"피아노의 하얀 건반에서 C, D, E, F, G, A, B, C 순으로 연주했을 때 생성되는 음계입니다.","아이오니안 모드는 메이저 스케일과 같으니, 이미 메이저 음계에 익숙하다면 아이오니안이라는 명칭만 기억하면 됩니다.; 1-9-3-11-5-13-7구조를 외우면 모든 조성에서 아이오니안 모드를 쉽게 만들 수 있습니다.",스케일; 음정; 텐션,Scale; Interval; Tension
139,137,도리안,Dorian,도리안모드; 도리안스케일; Dorian Mode; Dorian Scale,"도리안 모드는 메이저스케일에서 두 번째 음(레)을 기준으로 시작하는 7음 음계로, 특유의 부드럽고 중성적인 느낌을 가진 모드입니다.","도리안 모드는 D음을 기준으로 피아노의 하얀 건반만을 순서대로 연주할 때 나오는 음계로, 레미파솔라시도(레)의 순서입니다.; 구성음은 1-9-b3-11-5-13-b7로 이루어져 있으며, 내추럴 마이너 스케일(에올리안)과 비교했을 때 6도가 장6도(13)로 상승된 점이 가장 큰 특징입니다.; 특징음(캐릭터노트)는 6음(13음)으로, 이 음이 도리안 모드만의 밝고 독특한 분위기를 만들어내는 핵심 역할을 합니다.",D 도리안 모드,"피아노의 하얀 건반에서 D, E, F, G, A, B, C, D 순으로 연주했을 때 생성되는 음계입니다.","마이너 계열의 멜랑콜리함과 6도의 밝음을 동시에 가진 모드로, 메이저와 마이너의 중간적인 느낌을 갖고 있습니다.; 1-9-b3-11-5-13-b7 구조를 기억하면 다양한 조성에서 도리안 모드를 쉽게 연습할 수 있습니다.; 도리안 모드의 6도 음(13음)을 강조하는 멜로디나 코드 진행에서 도리안 특유의 개성을 쉽게 느낄 수 있습니다.",스케일; 음정; 텐션,Scale; Interval; Tension
140,137,프리지안,Phrygian,프리지안모드; 프리지안스케일; Phrygian Mode; Phrygian Scale,"프리지안 모드는 메이저스케일에서 세 번째 음(미)을 기준으로 시작하는 7음 음계로, 이국적이고 어두운 성격을 가진 모드입니다.","프리지안 모드는 E음을 기준으로 피아노의 하얀 건반만을 순서대로 연주할 때 나오는 음계로, 미파솔라시도레(미)의 순서입니다.; 구성음은 1-b9-b3-11-5-b13-b7로 이루어져 있으며, 내추럴 마이너 스케일(에올리안)과 비교했을 때 2도가 반음 내린 b9(플랫 나인)이 특징입니다.; 특징음(캐릭터노트)는 2음(b9)으로, 반음으로 시작하는 음정이 프리지안 특유의 강렬하고 이국적인 분위기를 만들어냅니다.",E 프리지안 모드,"피아노의 하얀 건반에서 E, F, G, A, B, C, D, E 순으로 연주했을 때 생성되는 음계입니다.","스패니쉬(플라멩코)나 헤비메탈 등 독특하고 강한 분위기를 낼 때 자주 사용되는 모드입니다.; 1-b9-b3-11-5-b13-b7 구조를 외우면 다양한 조성에서 프리지안 모드를 쉽게 만들 수 있습니다.; 시작 음(E)과 다음 음(F)이 반음 관계이므로, 프리지안 특유의 긴장감을 직접 연주해 보며 감상해보세요.",스케일; 음정; 텐션,Scale; Interval; Tension
141,137,리디안,Lydian,리디안모드; 리디안스케일; Lydian Mode; Lydian Scale,"리디안 모드는 메이저스케일에서 네 번째 음(파)을 기준으로 시작하는 7음 음계로, 밝고 신비로운 성격이 강조되는 모드입니다.","리디안 모드는 F음을 기준으로 피아노의 하얀 건반만을 순서대로 연주할 때 나오는 음계로, 파솔라시도레미(파)의 순서입니다.; 구성음은 1-9-3-#11-5-13-7로 이루어져 있으며, 메이저스케일(아이오니안)과 비교했을 때 4도가 반음 높아진 #11(샾 일레븐)이 특징입니다.; 특징음(캐릭터노트)는 4음(#11)으로, 이 음이 리디안 모드만의 환상적이고 떠오르는 듯한 밝은 분위기를 부여합니다.",F 리디안 모드,"피아노의 하얀 건반에서 F, G, A, B, C, D, E, F 순으로 연주했을 때 생성되는 음계입니다.","영화음악, 재즈, 미니멀 음악 등에서 시원하고 신비로운 느낌을 줄 때 자주 사용되는 모드입니다.; 1-9-3-#11-5-13-7 구조를 외우면 다양한 조성에서 리디안 모드를 쉽게 만들 수 있습니다.; 리디안 모드의 4음(#11)을 멜로디나 코드에서 강조해보면 리디안 특유의 청량감과 떠오르는 듯한 분위기를 느낄 수 있습니다.",스케일; 음정; 텐션,Scale; Interval; Tension
142,137,믹솔리디안,Mixolydian,믹솔리디안모드; 믹솔리디안스케일; Mixolydian Mode; Mixolydian Scale,"믹솔리디안 모드는 메이저스케일에서 다섯 번째 음(솔)을 기준으로 시작하는 7음 음계로, 메이저와 유사하면서도 블루스, 락, 팝 등에서 특유의 친근한 느낌을 주는 모드입니다.","믹솔리디안 모드는 G음을 기준으로 피아노의 하얀 건반만을 순서대로 연주할 때 나오는 음계로, 솔라시도레미파(솔)의 순서입니다.; 구성음은 1-9-3-11-5-13-b7로 이루어지며, 메이저스케일(아이오니안)과 비교했을 때 7도가 반음 낮아진 b7이 특징입니다.; 특징음(캐릭터노트)는 7음(b7)으로, 이로 인해 약간의 블루지한 느낌과 안정적인 황홀감이 더해집니다.",G 믹솔리디안 모드,"피아노의 하얀 건반에서 G, A, B, C, D, E, F, G 순으로 연주했을 때 생성되는 음계입니다.","록, 팝, 펑크, 재즈 등에서 도미넌트(7th) 코드의 솔로잉에 많이 쓰입니다.; 1-9-3-11-5-13-b7 구조를 외우면 다양한 조성에서 믹솔리디안 모드를 쉽게 만들 수 있습니다.; 7음(b7)을 멜로디, 코드에서 강조해 믹솔리디안의 개성을 확인해보세요.",스케일; 음정; 텐션,Scale; Interval; Tension
143,137,에올리안,Aeolian,에올리안모드; 에올리안스케일; Aeolian Mode; Aeolian Scale; 내추럴마이너; Natural Minor,"에올리안 모드는 내추럴마이너스케일로, 메이저스케일 기준 여섯 번째 음(라)을 기준으로 시작하며 어둡고 서정적인 느낌을 강조하는 7음 음계입니다","에올리안 모드는 A음을 기준으로 피아노의 하얀 건반만을 순서대로 연주할 때 나오는 음계로, 라시도레미파솔(라)의 순서입니다.; 구성음은 1-9-b3-11-5-b13-b7로 이루어져 있고, 메이저 스케일(아이오니안)과 비교했을 때 3, 6, 7도가 각각 반음 낮아진 것이 특징입니다.; 특징음(캐릭터노트)는 b6(13)로, 마이너 특유의 쓸쓸함과 안정을 만들어주는 역할을 합니다.",A 에올리안 모드,"피아노의 하얀 건반에서 A, B, C, D, E, F, G, A 순으로 연주했을 때 생성되는 음계입니다.","가장 많이 쓰이는 마이너 스케일로, 밝은 장조와는 대비되는 감정을 쉽게 느낄 수 있습니다.; 1-9-b3-11-5-b13-b7 구조를 외우면 다양한 조성에서 에올리안 모드를 쉽게 만들 수 있습니다.; 6음(b13)을 멜로디나 화성에서 강조하면 내추럴 마이너의 색깔을 더 뚜렷하게 느낄 수 있습니다.",스케일; 음정; 텐션,Scale; Interval; Tension
144,137,로크리안,Locrian,로크리안모드; 로크리안스케일; Locrian Mode; Locrian Scale,"로크리안 모드는 메이저스케일에서 일곱 번째 음(시)을 기준으로 시작하는 7음 음계로, 매우 불안정하고 긴장감이 큰 독특한 성격의 모드입니다.","로크리안 모드는 B음을 기준으로 피아노의 하얀 건반만을 순서대로 연주할 때 나오는 음계로, 시도레미파솔라(시)의 순서입니다.; 구성음은 1-b9-b3-11-b5-b13-b7로 이루어져 있고, 마이너 계열 중에서도 5도가 반음 내려간 b5(디미니쉬)가 가장 큰 특징입니다.; 특징음(캐릭터노트)는 b5로, 이로 인해 로크리안 모드는 불안정하고 이질적이며, 주선법으로 잘 사용되지 않지만 긴장감이나 디미니쉬 사운드가 필요할 때 유용합니다.; ",B 로크리안 모드,"피아노의 하얀 건반에서 B, C, D, E, F, G, A, B 순으로 연주했을 때 생성되는 음계입니다.",디미니쉬(감5도) 코드와 어울려 사용될 때 로크리안만의 불안함과 독특함이 잘 드러납니다.; 1-b9-b3-11-b5-b13-b7 구조를 외우면 다양한 조성에서 로크리안 모드를 쉽게 만들 수 있습니다.; 불안정한 음(특히 b5)을 강조하면 긴장감이 크게 높아짐을 직접 느껴볼 수 있습니다.,스케일; 음정; 텐션,Scale; Interval; Tension
145,1,마이너 다이아토닉,Minor Diatonic,마이너다이아토닉; Minor Diatonic,"마이너 다이아토닉은 마이너(단음계) 스케일을 기반으로 한 다이아토닉 화성 체계를 총칭하며, 내추럴 마이너, 하모닉 마이너, 멜로딕 마이너 등 각종 마이너 음계에서 파생되는 다양한 코드 체계와 화성 원리를 포함합니다.","다이아토닉 코드는 특정 스케일(음계)에 포함된 음만 사용해 3도씩 쌓아 형성된 일곱 개의 기본 7화음 체계를 의미합니다.; 메이저 다이아토닉이 메이저(장조) 스케일을 바탕으로 한다면, 마이너 다이아토닉은 마이너(단조) 스케일을 바탕으로 합니다.; 마이너 다이아토닉에도 여러 분류가 있는데, 대표적으로 내추럴 마이너(자연 단음계), 하모닉 마이너(화성 단음계), 멜로딕 마이너(선율 단음계) 등이 있습니다.; 각 마이너 스케일의 음계 구조가 다르기 때문에, 각 스케일에서 파생되는 다이아토닉 코드 체계(1~7도 코드)도 서로 다르게 나타나며, 이 차이가 단조 음악의 색채와 분위기에 크게 기여합니다.; 따라서 마이너 다이아토닉이란 단일한 구조가 아니라, 여러 마이너 스케일을 바탕으로 파생되는 다양한 다이아토닉 체계의 상위 개념입니다.",A 하모닉 마이너 다이아토닉 코드,AmMaj7-Bm7b5-CMaj7-Dm7-E7-FMaj7-G#dim7,"마이너 곡에서는 내추럴, 하모닉, 멜로딕 마이너의 다이아토닉 코드가 혼합되어 쓰이는 경우가 많으니 세 가지 계열을 모두 구분하고 이해해야 합니다.; 멜로딕 마이너, 하모닉 마이너의 다이아토닉 코드 체계 역시 곧장 실전 분석 및 암기에 활용하면, 단조 음악의 화성적 응용력이 크게 올라갑니다.; 마이너 다이아토닉’이란 말은 특정 하나의 코드 계열이 아닌, 마이너 계열 스케일에서 파생되는 다이아토닉 코드군 전체를 지칭한다는 점을 기억하세요.",스케일; 다이아토닉,Scale; Diatonic
146,145,하모닉 마이너 다이아토닉,Harmonic Minor Diatonic,하모닉마이너다이아토닉; 마이너다이아토닉; minor diatonic; Harmonic minor diatonic scale,"하모닉 마이너 다이아토닉은 하모닉 마이너 스케일을 기반으로 각 음에서 3도씩 쌓아 만든 7가지 다이아토닉 코드를 의미하며, 특유의 이국적이고 긴장감 있는 화성을 형성합니다.","하모닉 마이너 스케일은 내추럴 마이너에서 7번째 음을 반음 올린 것이 특징입니다. 예를 들어, A 하모닉 마이너는 A, B, C, D, E, F, G#로 구성됩니다.; 이 스케일의 7음 모두를 근음으로 삼아 3도씩 쌓으면, 독특하고 재즈, 클래식, 월드뮤직 등에서 자주 등장하는 다이아토닉 코드 체계가 탄생합니다.;  하모닉 마이너의 다이아토닉의 순서는 세븐스코드를 기준으로 'imMaj7-iim7b5-bIIImaj7#5-ivm7-V7-bVIMaj7-viidim7'로 되어있습니다.; 로마숫자를 활용하여 분석하는데, 메이저는 대문자로 표시하며 마이너는 소문자로 표시합니다.",A 하모닉 마이너 다이아토닉 코드,AmMaj7-Bm7b5-CMaj7#5-Dm7-E7-FMaj7-G#dim7,"하모닉 마이너의 1도 코드(AmMaj7)와 5도 코드(E7)는 마이너 조임에도 불구하고 도미넌트-토닉 종지감이 클리어하게 드러나며, 마이너 곡에서 진한 클래식색, 이국적 스타일을 주고 싶을 때 효과적입니다.; 실제 A 하모닉 마이너 스케일을 기준으로 각 코드의 음들을 피아노나 기타로 연주해 보며, 전통 마이너/메이저 다이아토닉 화음과의 차이를 귀로 익혀보세요.",스케일; 다이아토닉,Scale; Diatonic
147,145,멜로딕 마이너 다이아토닉,Melodic Minor Diatonic,멜로딕마이너다이아토닉; 멜로딕다이아토닉; minor diatonic; Melodic minor diatonic scale,"멜로딕 마이너 다이아토닉은 멜로딕 마이너(선율 단음계) 스케일에서 파생되는 7개의 기본 다이아토닉 코드를 의미하며, 모던하고 세련된 화성 감각을 제공합니다.","멜로딕 마이너 스케일은 내추럴 마이너 스케일에서 6도와 7도 음을 반음 올린 스케일입니다. 예를 들어, A 멜로딕 마이너는 A, B, C, D, E, F#, G#로 구성되어 있습니다.; 각 음을 근음으로 3도씩 쌓아 7화음을 만들면 독특하고 현대적인 코드 계열이 형성됩니다.; 멜로딕 마이너 다이아토닉의 순서는 세븐스코드를 기준으로 'imMaj7-iim7-bIIIMaj7#5-IV7-V7-vim7b5-viim7b5'로 되어있습니다.",A 멜로딕 마이너 다이아토닉 코드,AmMaj7-Bm7b5-CMaj7#5-D7-E7-F#m7b5-G#m7b5,"멜로딕 마이너 다이아토닉의 1도 코드(AmMaj7)와 3도 코드(Ebmaj7#5), 그리고 도미넌트7 코드의 텐션 사용은 재즈적 색깔을 극대화합니다.; 4도, 5도에 동시에 도미넌트7이 나온다는 점이 독특한 특징이니, 다양한 코드 진행에서 응용해 보세요.; 멜로딕 마이너 다이아토닉을 정확히 익혀두면 멜로딕마이너모드를 이해할때 쉽게 이해할 수 있습니다.",스케일; 다이아토닉,Scale; Diatonic
148,1,마이너 모드,Minor Mode,마이너 모드 스케일; Minor Mode Scale; 단음계 모드,"마이너 모드는 마이너(단음계) 계열에서 파생되는 다양한 7음 음계(스케일)와 그에 기반한 특유의 분위기, 캐릭터를 가진 선법 체계를 의미합니다.","마이너 모드는 크게 내추럴 마이너(에올리안), 하모닉 마이너, 멜로딕 마이너에서 파생된 일곱 가지(혹은 그 이상)의 각기 다른 모드를 지칭합니다.; 마이너 모드를 익히면 단순 '단조' 음계가 아닌, 훨씬 다양한 화성적, 멜로디적 색채를 자유자재로 구사할 수 있게 됩니다.; 내추럴 마이너 모드의 경우에는 메이저 모드와 동일하고 시작위치만 다릅니다.; 내추럴, 하모닉, 멜로딕 마이너 각 계열에서 파생되는 모드는 근본 구조는 다르지만 음정 구조 각각의 개성을 명확히 실전에서 느껴보는 것이 중요합니다.; 메이저 모드에서 변형,파생된 스케일로 분석 할 수 있습니다.",A 멜로딕마이너 모드의 두번째 모드 스케일,"B-C-D-E-F#-G#-A-B음으로 구성되어있으며, 상대적으로는 '1-b9-b3-11-5-13-b7'음으로 구성되어있습니다.; 이는 메이저 모드의 도리안의 13음 즉 캐릭터노트를 가지고있는데, 이를 도리안에서 변형된 스케일인 '도리안 b9'이라고 합니다.","마이너 모드는 단일 음계가 아니라 다양한 성격의 선법들을 포함하는 상위 개념임을 반드시 기억하세요.; 각 마이너 모드마다 특징음(캐릭터 노트), 텐션, 사운드의 분위기가 다르므로, 악기에서 직접 연주해보며 체험하고 비교하는 것이 효과적입니다.; 모든 마이너 모드는 메이저 모드를 익히고 난 뒤 접근하면 더 쉽게 이해할 수 있습니다.",모드; 스케일,Mode; Scale
149,148,하모닉 마이너 모드 스케일,Harmonic Minor Mode Scales,하모닉 마이너 모드; Harmonic Minor Modes; 화성단음계 모드; 하모닉마이너 선법,"하모닉 마이너 모드 스케일은 하모닉 마이너(화성 단음계) 스케일의 각 음을 기점으로 시작하여 파생되는 7개의 모드(선법) 체계를 의미하며, 각 모드는 고유하고 독특한 음정 구조와 분위기를 가집니다.","하모닉 마이너 스케일은 내추럴 마이너에서 7도 음을 반음 올려(M7) 만든 7음 음계로, 아라비아적이거나 극적인 사운드를 위해 많이 활용됩니다.; 하모닉 마이너 스케일에서 출발음을 바꾸어 각각 새로운 모드(선법)가 생성됩니다.",A 하모닉 마이너 모드,A 내추럴 마이너 스케일(A-B-C-D-E-F-G)에서 7번째음을 반음 올린 형태인 (A-B-C-D-E-F-G#)으로 구성되어있습니다.,"A 내추럴 마이너 스케일에서의 G(단7도)음을 G#으로 바꾸어 주었기 때문에, F음과 G#음의 증2도 음정 간격으로 인해 아라빅한 사운드를 느낄 수 있습니다.; 이를 통해 만들어지는 다양한 모드스케일의 변화들을 소리로 느껴보세요.",모드; 스케일,Mode; Scale
150,149,하모닉마이너 모드,Harmonic Minor Mode,하모닉 마이너 모드; Harmonic Minor mode; 하모닉 마이너 첫번째 모드,"하모닉 마이너 모드는 내추럴 마이너에서 7번째 음을 반음 올린 스케일로, 강한 종지감과 이국적이고 클래식한 색채를 가진 7음 음계입니다.","하모닉 마이너 모드는 내추럴 마이너 스케일에서 7음을 반음 올린 형태입니다.; 구성음은 1-9-b3-11-5-b13-7입니다.; 일반적으로 하모닉 마이너 모드라고 명명하지만, 모드스케일 명칭으로 불릴때 Aeolian #7으로 명명하기도 합니다.",A 하모닉 마이너 모드,A 내추럴 마이너 스케일(A-B-C-D-E-F-G)에서 7번째음을 반음 올린 형태인 (A-B-C-D-E-F-G#)으로 구성되어 있습니다.,하모닉 마이너의 7도음을 의도적으로 강조해 멜로디나 코드 진행에서 긴장감을 극대화해보세요.; 6도-7도(예: F-G# in A harmonic minor)의 증2도를 손이나 귀로 반복 연습하면 하모닉 마이너 특유의 캐릭터가 쉽게 익혀집니다.,모드; 스케일,Mode; Scale
151,149,로크리안 내추럴 식스,Locrian ♮6,로크리안 식스; Locrian Natural 6; 하모닉 마이너 두번째 모드,"로크리안 내추럴 식스는 하모닉 마이너 스케일의 두 번째 음에서 출발하는 7음 음계로, 로크리안 스케일과 같지만 b6음이 6음(장6)로 변화된 독특하게 쓰이는 모드입니다.",로크리안 내추럴 식스는 일반 로크리안 모드의 b6 대신 내추럴 6(장6도)로 변화된 모드스케일입니다.; 구성음은 1-b9-b3-11-b5-13-7 입니다.,B 로크리안 내추럴 식스,B-C-D-E-F-G-A음으로 구성되어 있습니다.,"로크리안 내추럴 식스의 6도(내추럴 6, 장6도)는 평범한 로크리안 모드(b6)와 소리로 비교해보면 곧바로 차이를 느낄 수 있습니다.; 이 모드는 드물지만, 마이너 II-V 진행이나 텐션이 풍부한 솔로, 모던한 배킹에서 독특한 색채를 추가할 때 효과적입니다.",모드; 스케일,Mode; Scale
152,149,아이오니안 샾 파이브,Ionian #5,아이오니안 어그먼트; Ionian augment; 하모닉 마이너 세번째 모드,"아이오니안 샾 파이브는 하모닉 마이너 스케일의 세 번째 음에서 시작하는 7음 음계로, 메이저(아이오니안) 스케일과 같지만 5음이 증5도로 변화된 것이 특징인 독특한 모드입니다.",아이오니안 샾 파이브는 아이오니안 모드의 5음 대신 샾 5(증5도)로 변화된 모드스케일입니다.; 구성음은 1-9-3-11-#5-13-7 입니다.,C 아이오니안 샾 파이브,C-D-E-F-G#-A-B음으로 구성되어 있습니다.,"아이오니안 샾 파이브의 #5(증5도)는 이 음이 메이저 스케일과는 확연히 구별되는 이국적인 긴장감을 줍니다.; 코드의 루트, 3도, #5, 7도를 바로 이어서 연주하면 어그멘티드 사운드와 모드의 색깔이 확실이 드러납니다.",모드; 스케일,Mode; Scale
153,149,도리안 샾 일레븐,Dorian #11,도리안 샾 포; Dorian #4; 하모닉 마이너 네번째 모드,"도리안 샾 일레븐은 하모닉 마이너 스케일의 네 번째 음에서 시작하는 모드로, 일반 도리안 모드와 같지만 11음이 샾(#11, 증4)된 독특한 음색과 텐션을 가진 7음계입니다.",도리안 샾 일레븐은 도리안 모드의 11음 대신 샾 11(증4도)로 변화된 모드스케일입니다.; 구성음은 1-9-b3-#11-5-13-b7 입니다.,D 도리안 샾 일레븐,D-E-F-G#-A-B-C음으로 구성되어 있습니다.,도리안 샾 일레븐의 #11(증4도)는 일반적인 도리안모드와 비교해보면 소리의 차이를 느낄 수 있습니다. 해당 음을 코드 솔로나 멜로디에서 의도적으로 강조해보세요.,모드; 스케일,Mode; Scale
154,149,믹솔리디안 플랫 나인 플랫 서틴,Mixolydian b9 b13,프리지안 도미넌트; Phrygian dominant; 하모닉 마이너 다섯번째 모드,"믹솔리디안 플랫 나인 플랫 서틴은 하모닉 마이너 스케일의 다섯 번째 음에서 시작하는 모드로, 일반적인 믹솔리디안 스케일과 같지만, 9도, 13도가 플랫(b9,b13)된 형태로 되어있는 독특한 음색을 가진 7음계입니다.","믹솔리디안 플랫 나인 플랫 서틴은 믹솔리디안 모드의 9음,13음 대신 b9,b13음으로 변화된 모드 스케일입니다.; 구성음은 1-b9-b3-11-5-b13-b7 입니다.",E 믹솔리디안 플랫 나인 플랫 서틴,E-F-G#-A-B-C-D음으로 구성되어 있습니다.,믹솔리디안 플랫 나인 플랫 서틴은 일반적인 믹솔리디안 모드와 비교해보면 소리의 차이를 느낄 수 있습니다. 해당 음을 코드 솔로나 멜로디에서 강조했을때 나오는 아라빅한 사운드를 느껴보세요.,모드; 스케일,Mode; Scale
155,149,리디안 샾 나인,Lydian #9,리디안 샾 투; Lydian #2; 하모닉 마이너 여섯번째 모드,"리디안 샾 나인은 하모닉 마이너 스케일의 여섯 번째 음에서 시작하는 모드로, 일반적인 리디안 스케일과 같지만, 9음이 샾(#9 증2)된 독특한 음색을 가진 7음계입니다.",리디안 샾 나인은 리디안 모드의 9음 대신 #9음으로 변화된 모드 스케일입니다.; 구성음은 1-#9-3-#11-5-13-7 입니다.,F 리디안 샾 나인,F-G#-A-B-C-D-E음으로 구성되어 있습니다.,리디안 샾 나인은 일반적인 리디안모드와 비교해보면 소리의 차이를 느낄 수 있습니다.; #9음의 마이너틱(b3=#9)한 소리와 메이저(3)음이 같이 있으면서 생기는 특색있는 스케일의 사운드를 느껴보세요.,모드; 스케일,Mode; Scale
156,149,슈퍼로크리안 더블플랫 세븐,Superlocrian bb7,얼터드 디미니시드; Altered Diminished; 하모닉 마이너 일곱번째 모드,"슈퍼로크리안 더블플랫 세븐은 하모닉 마이너 스케일의 7번째 음에서 시작하는 모드로, 7도가 더블플랫(이중에 플랫, bb7)되어 극한의 긴장감과 불안정을 가진 매우 드물고 독특한 7음 음계입니다.","하모닉 마이너의 각 음에서는 고유한 모드가 파생되며, 슈퍼로크리안 더블플랫 세븐(또는 울트라 로크리안)은 7번째 음에서 시작합니다.; 구성음은 1-b9-b3-b11-b5-b13-bb7입니다.; 이 모드는 로크리안의 불안정한 성격에 더해, 7음을 더블플랫해주므로 독특한 음정 구조를 갖습니다.",G# 슈퍼로크리안 더블플랫 세븐,G#-A-B-C-D-E-F음으로 구성되어 있습니다.,"bb7(더블플랫7, enharmonic 6도)이 이 모드의 캐릭터 노트입니다. 메이저6도와 음이 같지만 기능적으로는 완전히 다릅니다.; 슈퍼로크리안 더블플랫 세븐은 매우 희귀하지만 실험적 음악 혹은 거친 해소감을 줄 때 색다른 효과를 발휘합니다.",모드; 스케일,Mode; Scale
157,148,멜로딕 마이너 모드 스케일,Melodic Minor Mode Scales,멜로딕 마이너 모드; Melodic Minor Modes; 선율단음계 모드; 멜로딕마이너 선법,"멜로딕 마이너 모드 스케일은 멜로딕 마이너(선율 단음계) 스케일의 각 음을 기점으로 시작하여 파생되는 7개의 모드(선법) 체계를 의미하며, 각 모드는 고유하고 독특한 음정 구조와 분위기를 가집니다.",멜로딕 마이너 스케일은 하모닉 마이너에서 6도 음을 반음 올려(장6도) 만든 7음 음계로 하모닉 마이너 스케일의 6음과 7음의 불안정한 음정 관계(증2도)를 안정적으로 만들어 줍니다.; 멜로딕 마이너 스케일에서 출발음을 바꾸어 각각 새로운 모드(선법)가 생성됩니다.,A 멜로딕 마이너 모드,A 하모닉 마이너 스케일(A-B-C-D-E-F-G#)에서 여섯번째 음을 반음 올린 형태인 (A-B-C-D-E-F#-G#)으로 구성되어 있습니다.,"A 하모닉 마이너 스케일에서의 F(단6도)음을 F#(장6도)로 바꾸어 주었기 때문에, 하모닉 마이너에 비해 선율적인 사운드를 느낄 수 있습니다.; 이를 통해 만들어지는 다양한 모드스케일의 변화들을 소리로 느껴보세요.; 재즈에서 가장 대표적으로 많이 사용되는 모드이기 때문에 특히 잘 익혀놓아야합니다.",모드; 스케일,Mode; Scale
158,157,멜로딕마이너 모드,Melodic Minor Mode,멜로딕 마이너 모드; Melodic Minor mode; 멜로딕 마이너 첫번째 모드; Jazz minor,"멜로딕 마이너 스케일의 각 음을 시작으로 7개의 모드(음계)로 파생된 스케일들을 통칭합니다. 각 모드는 독특한 음정 구조와 용도를 가지며, 주로 재즈나 고급 화성에서 활용됩니다.","멜로딕 마이너 스케일의 각 음에서는 고유한 모드가 파생되며, 멜로딕 마이너 모드는 1번째 음에서 시작합니다.; 구성음은 1-2-b3-4-5-6-7입니다.; 이 모드는 내추럴마이너에서 6, 7음을 반음 올린 구조를 가지며, 마이너한 뉘앙스에 메이저7의 밝음을 더합니다.

",A 멜로딕 마이너 모드,A 하모닉 마이너 스케일(A-B-C-D-E-F-G#)에서 여섯번째 음을 반음 올린 형태인 (A-B-C-D-E-F#-G#)으로 구성되어 있습니다.,"A 하모닉 마이너 스케일에서의 F(단6도)음을 F#(장6도)로 바꾸어 주었기 때문에, 하모닉 마이너에 비해 선율적인 사운드를 느낄 수 있습니다.; 이를 통해 만들어지는 다양한 모드스케일의 변화들을 소리로 느껴보세요.; 재즈에서 가장 대표적으로 많이 사용되는 모드이기 때문에 특히 잘 익혀놓아야합니다.",모드; 스케일,Mode; Scale
159,157,도리안 플랫 나인,Dorian b9,도리안 플랫 나인; Dorian b9; 도리안 b9; 멜로딕 마이너 두번째 모드,"멜로딕 마이너 스케일의 두 번째 음을 시작으로 만든 모드로, 도리안 모드에서 2음이 반음 낮아진 특징이 있습니다.
","멜로딕 마이너의 각 음에서는 고유한 모드가 파생되며, 도리안 플랫 나인은 2번째 음에서 시작합니다.; 구성음은 1-b2-b3-4-5-6-b7입니다.; 이 모드는 도리안의 밝고 부드러운 느낌에 2음을 반음 내린 어두움을 더해 독특한 분위기를 가집니다.",B 도리안 플랫 나인,B 도리안 플랫나인 모드는 A 멜로딕 마이너 스케일의 두번째(B) 음부터 시작해서 (B-C-D-E-F#-G#-A)로 구성됩니다. 도리안에서 두번째 음(9도)이 반음 낮아진 구조입니다.,2번째(9도) 음이 반음 내려간 점이 도리안과 가장 큰 차이입니다.; 평소 알고 있던 도리안과 비교하여 분위기 변화를 직접 들어보세요.; 어둡고 몽환적인 색채를 솔로나 화성에 활용하면 개성 있는 연주가 가능합니다.,모드; 스케일,Mode; Scale
160,157,리디안 샾 파이브,Lydian #5,리디안 샾 파이브; Lydian #5; 멜로딕 마이너 세번째 모드; Lydian Augmented,"멜로딕 마이너 스케일의 세 번째 음에서 시작하는 모드로, 리디안 스케일의 5음을 반음 올린 형태입니다.
","멜로딕 마이너의 각 음에서는 고유한 모드가 파생되며, 리디안 샾 파이브는 3번째 음에서 시작합니다.; 구성음은 1-2-3-#4-#5-6-7입니다.; 이 모드는 리디안의 상승된 4도와 더불어 5도까지 반음 올려, 밝고 이색적인 색채를 만듭니다.",C 리디안 샾 파이브,C 리디안 샾파이브는 A 멜로딕 마이너 스케일의 세번째(C) 음부터 시작하여 (C-D-E-F#-G#-A-B)로 구성됩니다. 리디안 모드에서 다섯번째 음이 반음 올라간(#5) 형태입니다.,"5번째(5도) 음을 반음 올려, 매우 현대적이고 신비로운 느낌을 줍니다.; 증5화음, 또는 메이저7#5 코드와의 조합을 실험해보세요.; 영화음악, 프로그레시브, 퓨전에서 자주 사용됩니다.",모드; 스케일,Mode; Scale
161,157,리디안 플랫 세븐,Lydian b7,리디안 플랫 세븐; Lydian b7; Melodic Minor 4th mode; Lydian Dominant,"멜로딕 마이너의 네 번째 모드로, 리디안 스케일의 7음을 반음 내린 구조입니다. 재즈에서 7(#11) 코드에 자주 사용됩니다.","멜로딕 마이너의 각 음에서는 고유한 모드가 파생되며, 리디안 플랫 세븐은 4번째 음에서 시작합니다.; 구성음은 1-2-3-#4-5-6-b7입니다.; 이 모드는 리디안의 특징(증4도음)에 도미넌트의 플랫7음을 결합하여 강렬하고 독특한 도미넌트 사운드를 연출합니다.",D 리디안 플랫 세븐,D 리디안 플랫세븐은 A 멜로딕 마이너 스케일의 네번째(D) 음부터 시작해서 (D-E-F#-G#-A-B-C)로 구성됩니다. 리디안 모드에서 일곱번째 음이 반음 내려간(b7) 구조입니다.,#4(증4도)와 b7(단7도)음의 조화에 집중해 들어보세요.; 대표적인 도미넌트 세븐(#11) 코드에 사용되어 진한 재즈 색깔을 만들어냅니다.; 코드톤을 함께 연습하면 즉흥연주에 유용합니다.,모드; 스케일,Mode; Scale
162,157,믹솔리디안 플랫 서틴,Mixolydian b13,믹솔리디안 플랫 서틴; Mixolydian b13; Melodic Minor 5th mode,"멜로딕 마이너 스케일 다섯 번째 음에서 출발, 믹솔리디안에 13도 음이 반음 낮아진 색채를 가지고 있습니다.","멜로딕 마이너의 각 음에서는 고유한 모드가 파생되며, 믹솔리디안 플랫 서틴은 5번째 음에서 시작합니다.; 구성음은 1-2-3-4-5-b6-b7입니다.; 이 모드는 믹솔리디안의 구조에 6음(13도)을 반음 내린 음정을 더해 재즈와 펑키한 진행에 적합합니다.",E 믹솔리디안 플랫 서틴,E 믹솔리디안 플랫서틴은 A 멜로딕 마이너 스케일의 다섯번째(E) 음부터 시작해서 (E-F#-G#-A-B-C-D)로 구성됩니다. 믹솔리디안에서 여섯번째 음(13도)이 반음 낮아진 형태입니다.,b13(6도)이 이 모드의 핵심 포인트입니다.; 일반 믹솔리디안이나 장조와 어떤 차이가 있는지 직접 연주해보면서 느껴보세요.; 펑키한 그루브나 현대재즈에서 색다른 색채를 더하는 스케일입니다.,모드; 스케일,Mode; Scale
163,157,로크리안 내추럴 나인,Locrian ♮9,"로크리안 내추럴 나인; Locrian nat 9; Locrian ♮9; Melodic Minor 6th mode
","멜로딕 마이너의 여섯 번째 모드로, 로크리안 모드에서 2음(9도)이 반음 올라간 구조를 가집니다.","멜로딕 마이너의 각 음에서는 고유한 모드가 파생되며, 로크리안 내추럴 나인은 6번째 음에서 시작합니다.; 구성음은 1-2-b3-4-b5-b6-b7입니다.; 이 모드는 로크리안의 불안정함에 2음(9도)이 내추럴화되어 조금 더 부드러운 뉘앙스를 갖게 됩니다.

",F# 로크리안 내추럴 나인,F# 로크리안 내추럴나인은 A 멜로딕 마이너 스케일의 여섯번째(F#) 음부터 시작해서 (F#-G#-A-B-C-D-E)로 구성됩니다. 로크리안에서 두번째 음(9도)이 내추럴로 적용된 구조입니다.,로크리안의 어둡고 불안정한 분위기에서 2도(9도) 음을 내추럴로 바꿔 보다 부드러운 느낌을 연출할 수 있습니다.; m7(b5) 코드 위에서 연주하기를 추천합니다.; 색다른 마이너톤 솔로에 도전해 보세요.,모드; 스케일,Mode; Scale
164,157,슈퍼로크리안,Superlocrian,Superlocrian; Altered scale; Melodic Minor 7th mode; Altered Dom; 얼터드스케일; 얼터드도미넌트,"멜로딕 마이너 스케일의 일곱 번째 모드. 얼터드 스케일이라고도 불리며, 도미넌트 세븐 코드의 거의 모든 장·단 변형음을 포함하고 있습니다.","멜로딕 마이너의 각 음에서는 고유한 모드가 파생되며, 슈퍼로크리안(얼터드 스케일)은 7번째 음에서 시작합니다.; 구성음은 1-b2-b3-b4-b5-b6-b7입니다.; 이 모드는 믹솔리디안보다 모든 주요 도수(9, 11, 13)가 변화되어, 얼터드 도미넌트 코드에 완벽하게 어울리는 독특한 구조를 갖습니다.; b3음과 b4(즉 3음)은 코드퀄리티에 해당하는 음으로 동시에 존재할 수 없기 때문에 b3음을 #9으로 해석합니다.",G# 슈퍼로크리안,"G# 슈퍼로크리안은 A 멜로딕 마이너 스케일의 일곱번째(G#) 음부터 시작해서 (G#-A-B-C-D-E-F#)로 구성됩니다. 얼터드 스케일이라고도 하며, 도미넌트 세븐 코드에 다양한 변형음을 첨가한 구조입니다.","모든 텐션 음(9, 11, 13)을 다양하게 변화시켜 얼터드 도미넌트 사운드에 최적화된 스케일입니다.; 얼터드 코드나 다양한 도미넌트7 코드에 솔로잉할 때 적극적으로 활용해보세요.; 고급스러운 재즈 솔로에 필수이므로 꼭 익혀두는 것이 좋습니다.",모드; 스케일,Mode; Scale
165,125,크로매틱 스케일,Chromatic Scale,크로매틱; Chromatic; 반음계; 12음계,서로 반음 간격으로 이루어진 12개의 음을 한 옥타브 안에 모두 포함한 음계입니다. 시작음에 상관없이 12음이 모두 등장하며 선법이나 장단조 구분이 없습니다.,"반음을 따라 이동하면 만들어지며, 한 옥타브를 12개의 동일한 간격(반음)으로 채운 스케일입니다.",C 크로매틱 스케일,"C 크로매틱 스케일은 C, C#, D, D#, E, F, F#, G, G#, A, A#, B로 이루어져 있습니다.","크로매틱 스케일은 다양한 음악에서 색채감, 긴장감, 효과음적으로 자주 사용됩니다. 메이저/마이너 스케일과는 다르게 모든 반음 사이가 동일한 간격이니 자유롭게 연습해보세요!",스케일,Scale